PesticideCode,CommCode,EPA_TV,conc_units
001,BB,0.05,M
001,BU,0.3,M
001,BZ,0.05,M
001,CE,0.03,M
001,CO,0.02,M
001,CR,0.1,M
001,GB,0.05,M
001,GR,0.05,M
001,HZ,0.02,M
001,IG,0.05,M
001,IH,0.02,M
001,IP,0.03,M
001,IS,0.1,M
001,MU,NT,M
001,PB,0.05,M
001,PC,0.02,M
001,PE,0.03,M
001,PO,0.1,M
001,PU,0.3,M
001,SS,0.1,M
001,SY,0.05,M
001,TO,0.05,M
001,WM,0.1,M
002,CE,NT,M
002,CR,NT,M
002,HZ,NT,M
002,PC,NT,M
002,PO,NT,M
002,TO,NT,M
007,CR,NT,M
007,PO,NT,M
007,TO,NT,M
011,CE,0.05,M
011,CR,0.05,M
011,HZ,15.0,M
011,PC,15.0,M
011,PO,0.05,M
011,SY,0.05,M
011,TO,0.05,M
015,GB,NT,M
015,IG,NT,M
015,IH,NT,M
015,PB,NT,M
015,SS,NT,M
020,GB,EX,M
020,IG,EX,M
020,IH,EX,M
020,PB,EX,M
020,SS,EX,M
024,BB,0.50,M
024,BU,NT,M
024,BZ,0.50,M
024,CE,0.70,M
024,CR,0.75,M
024,GB,0.50,M
024,GR,0.75,M
024,HZ,0.20,M
024,IG,0.50,M
024,IH,0.20,M
024,IP,0.50,M
024,IS,0.10,M
024,MU,0.75,M
024,PB,NT,M
024,PC,0.20,M
024,PE,0.50,M
024,PO,0.10,M
024,PU,0.20,M
024,SS,0.50,M
024,TO,0.75,M
024,WM,0.75,M
028,BB,0.05,M
028,BU,0.3,M
028,BZ,0.05,M
028,CE,0.03,M
028,CO,0.02,M
028,CR,0.1,M
028,GB,0.05,M
028,GR,0.05,M
028,HZ,0.02,M
028,IG,0.05,M
028,IH,0.02,M
028,IP,0.03,M
028,IS,0.1,M
028,MU,NT,M
028,PB,0.05,M
028,PC,0.02,M
028,PE,0.03,M
028,PO,0.1,M
028,PU,0.3,M
028,SS,0.1,M
028,SY,0.05,M
028,TO,0.05,M
032,BB,0.1,M
032,BU,NT,M
032,BZ,0.1,M
032,CO,0.1,M
032,CR,NT,M
032,GB,NT,M
032,GR,0.05,M
032,IG,NT,M
032,IH,0.1,M
032,IP,1,M
032,IS,NT,M
032,MU,NT,M
032,PB,NT,M
032,PE,1,M
032,PO,NT,M
032,PU,NT,M
032,SS,NT,M
032,TO,NT,M
032,WM,NT,M
034,BB,NT,M
034,BU,NT,M
034,BZ,NT,M
034,CE,NT,M
034,CR,NT,M
034,GB,NT,M
034,HZ,NT,M
034,IG,NT,M
034,IH,NT,M
034,IP,NT,M
034,IS,NT,M
034,MU,NT,M
034,PB,NT,M
034,PC,NT,M
034,PO,NT,M
034,PU,NT,M
034,SS,NT,M
034,SY,NT,M
034,TO,NT,M
034,WM,NT,M
035,CR,NT,M
035,GB,NT,M
035,IG,NT,M
035,IH,NT,M
035,PB,NT,M
035,PO,NT,M
035,SS,NT,M
035,TO,NT,M
042,BB,NT,M
042,BU,NT,M
042,BZ,NT,M
042,CE,NT,M
042,CO,NT,M
042,CR,NT,M
042,GB,NT,M
042,GR,NT,M
042,HZ,NT,M
042,IG,NT,M
042,IH,NT,M
042,IP,NT,M
042,IS,NT,M
042,MU,NT,M
042,PB,NT,M
042,PC,NT,M
042,PE,NT,M
042,PO,NT,M
042,PU,NT,M
042,SS,NT,M
042,SY,NT,M
042,TO,NT,M
042,WM,NT,M
044,BB,0.05,M
044,BU,NT,M
044,BZ,0.05,M
044,CE,0.05,M
044,CR,NT,M
044,GB,NT,M
044,GR,0.05,M
044,HZ,0.05,M
044,IG,NT,M
044,IH,0.05,M
044,IP,0.05,M
044,IS,NT,M
044,MU,NT,M
044,PB,NT,M
044,PC,0.05,M
044,PE,0.05,M
044,PO,NT,M
044,PU,0.05,M
044,SS,0.05,M
044,TO,NT,M
044,WM,0.05,M
046,GB,NT,M
046,IG,NT,M
046,IH,NT,M
046,PB,NT,M
046,SS,NT,M
047,GR,5.0,M
047,PE,10.0,M
050,BB,0.5,M
050,BU,0.3,M
050,BZ,0.5,M
050,CE,NT,M
050,CO,0.1,M
050,CR,0.5,M
050,GB,0.5,M
050,HZ,NT,M
050,IG,0.5,M
050,IH,NT,M
050,IP,NT,M
050,IS,0.5,M
050,MU,NT,M
050,PB,NT,M
050,PC,NT,M
050,PO,0.5,M
050,PU,NT,M
050,SS,NT,M
050,SY,NT,M
050,TO,NT,M
050,WM,NT,M
052,BB,8,M
052,BU,0.5,M
052,BZ,8,M
052,CE,8,M
052,CO,8,M
052,CR,8,M
052,GB,8,M
052,GR,8,M
052,HZ,8,M
052,IG,8,M
052,IH,8,M
052,IP,8,M
052,IS,1,M
052,MU,8,M
052,PB,8,M
052,PC,8,M
052,PE,8,M
052,PO,8,M
052,PU,8,M
052,SS,8,M
052,SY,8,M
052,TO,8,M
052,WM,8,M
055,CR,NT,M
055,GB,NT,M
055,IG,NT,M
055,IH,NT,M
055,IP,NT,M
055,MU,NT,M
055,PB,NT,M
055,PO,NT,M
055,SS,NT,M
055,TO,NT,M
057,BB,NT,M
057,BU,NT,M
057,BZ,NT,M
057,CE,NT,M
057,CO,NT,M
057,CR,NT,M
057,GB,NT,M
057,HZ,NT,M
057,IG,NT,M
057,IH,NT,M
057,IP,NT,M
057,IS,NT,M
057,MU,NT,M
057,PB,NT,M
057,PC,NT,M
057,PO,NT,M
057,PU,NT,M
057,SS,NT,M
057,SY,NT,M
057,TO,NT,M
057,WM,NT,M
058,BB,5,M
058,BU,5,M
058,BZ,5,M
058,CE,5,M
058,CO,NT,M
058,CR,5,M
058,GB,5,M
058,GR,5,M
058,HZ,5,M
058,IG,5,M
058,IH,5,M
058,IP,5,M
058,IS,5,M
058,MU,5,M
058,PB,5,M
058,PC,5,M
058,PE,5,M
058,PO,5,M
058,PU,5,M
058,SS,5,M
058,SY,NT,M
058,TO,5,M
058,WM,5,M
061,GB,NT,M
061,IG,NT,M
061,IH,NT,M
061,PB,NT,M
061,SS,NT,M
065,BB,NT,M
065,BU,NT,M
065,BZ,NT,M
065,CE,NT,M
065,CR,NT,M
065,GB,NT,M
065,HZ,NT,M
065,IG,NT,M
065,IH,NT,M
065,IP,NT,M
065,IS,NT,M
065,MU,NT,M
065,PB,NT,M
065,PC,NT,M
065,PO,NT,M
065,PU,NT,M
065,SS,NT,M
065,SY,NT,M
065,TO,NT,M
066,GB,NT,M
066,IG,NT,M
066,IH,NT,M
066,PB,NT,M
066,SS,NT,M
069,BU,NT,M
069,CE,NT,M
069,CR,NT,M
069,GB,NT,M
069,HZ,NT,M
069,IG,NT,M
069,IH,NT,M
069,IP,NT,M
069,MU,NT,M
069,PB,NT,M
069,PC,NT,M
069,PO,NT,M
069,SS,NT,M
069,TO,NT,M
069,WM,NT,M
070,BB,10,M
070,BU,0.25,M
070,BZ,10,M
070,CE,10,M
070,CR,10,M
070,GB,10,M
070,GR,10,M
070,HZ,10,M
070,IG,10,M
070,IH,10,M
070,IP,10,M
070,IS,10,M
070,MU,10,M
070,PB,10,M
070,PC,10,M
070,PE,10,M
070,PO,10,M
070,PU,10,M
070,SS,10,M
070,SY,10,M
070,TO,10,M
070,WM,10,M
075,CO,3.0,M
075,CR,1.0,M
075,GB,1.0,M
075,IG,1.0,M
075,IH,1.0,M
075,PB,1.0,M
075,PO,1.0,M
075,SS,1.0,M
075,SY,NT,M
075,TO,1.0,M
083,BB,NT,M
083,BZ,NT,M
083,CR,20,M
083,IH,20,M
083,IP,25.0,M
083,IS,15,M
083,PB,NT,M
083,PE,25.0,M
083,PO,NT,M
083,PU,20,M
083,TO,10,M
102,BB,3.0,M
102,BU,1.0,M
102,BZ,3.0,M
102,CE,3.0,M
102,CO,0.02,M
102,CR,2.0,M
102,GB,10,M
102,GR,10,M
102,HZ,10,M
102,IG,10,M
102,IH,10,M
102,IP,12,M
102,IS,0.2,M
102,MU,NT,M
102,PB,0.05,M
102,PC,10,M
102,PE,12,M
102,PO,2.0,M
102,PU,10,M
102,SS,3.0,M
102,SY,0.5,M
102,TO,5.0,M
102,WM,3.0,M
103,GB,NT,M
103,IG,NT,M
103,IH,NT,M
103,PB,NT,M
103,SS,NT,M
104,GB,NT,M
104,GR,NT,M
104,IG,NT,M
104,IH,5.0,M
104,PB,NT,M
104,PE,5.0,M
104,SS,NT,M
105,GB,NT,M
105,IG,NT,M
105,IH,NT,M
105,PB,NT,M
105,SS,NT,M
107,BU,NT,M
107,CE,NT,M
107,CR,NT,M
107,GB,NT,M
107,HZ,NT,M
107,IG,NT,M
107,IH,NT,M
107,IP,NT,M
107,MU,NT,M
107,PB,NT,M
107,PC,NT,M
107,PO,NT,M
107,SS,NT,M
107,TO,NT,M
108,BB,NT,M
108,BU,NT,M
108,BZ,NT,M
108,CE,NT,M
108,CR,NT,M
108,GB,NT,M
108,HZ,NT,M
108,IG,NT,M
108,IH,NT,M
108,IP,NT,M
108,IS,NT,M
108,MU,NT,M
108,PB,NT,M
108,PC,NT,M
108,PO,NT,M
108,PU,NT,M
108,SS,NT,M
108,TO,NT,M
111,GR,NT,M
111,IH,NT,M
111,PE,3,M
111,SS,NT,M
114,BB,NT,M
114,BU,0.30,M
114,BZ,NT,M
114,CE,NT,M
114,CR,NT,M
114,GB,NT,M
114,HZ,NT,M
114,IG,NT,M
114,IH,NT,M
114,IP,NT,M
114,IS,NT,M
114,MU,NT,M
114,PB,NT,M
114,PC,NT,M
114,PO,30,M
114,PU,NT,M
114,SS,NT,M
114,TO,NT,M
114,WM,NT,M
117,CE,NT,M
117,CR,NT,M
117,GB,0.75,M
117,HZ,NT,M
117,IG,0.75,M
117,IH,NT,M
117,PB,NT,M
117,PC,NT,M
117,PO,NT,M
117,SS,NT,M
117,TO,NT,M
124,BB,NT,M
124,BU,0.5,M
124,BZ,NT,M
124,CE,NT,M
124,GB,NT,M
124,HZ,NT,M
124,IG,NT,M
124,IH,NT,M
124,IP,NT,M
124,IS,NT,M
124,MU,NT,M
124,PB,NT,M
124,PC,NT,M
124,PU,NT,M
124,SS,NT,M
124,TO,NT,M
125,BB,NT,M
125,BU,0.01,M
125,BZ,NT,M
125,CE,NT,M
125,CR,NT,M
125,GB,NT,M
125,GR,NT,M
125,HZ,NT,M
125,IG,NT,M
125,IH,NT,M
125,IP,5.0,M
125,IS,NT,M
125,MU,NT,M
125,PB,NT,M
125,PC,NT,M
125,PE,5.0,M
125,PO,NT,M
125,SS,NT,M
125,TO,NT,M
126,CE,NT,M
126,GR,50.0,M
126,HZ,NT,M
126,IS,NT,M
126,PC,NT,M
126,PE,NT,M
126,PO,NT,M
126,PU,NT,M
126,TO,25.0,M
129,BB,NT,M
129,BU,0.05,M
129,BZ,NT,M
129,CE,0.5,M
129,CO,0.1,M
129,CR,1.0,M
129,GB,NT,M
129,HZ,NT,M
129,IG,NT,M
129,IH,NT,M
129,IP,NT,M
129,IS,NT,M
129,MU,NT,M
129,PB,NT,M
129,PC,NT,M
129,PO,0.2,M
129,PU,NT,M
129,SS,NT,M
129,SY,1.0,M
129,TO,NT,M
129,WM,NT,M
130,BB,NT,M
130,BZ,NT,M
130,CR,NT,M
130,GB,NT,M
130,IH,NT,M
130,IS,NT,M
130,PB,NT,M
130,PO,NT,M
130,PU,NT,M
130,SS,NT,M
130,TO,NT,M
130,WM,NT,M
134,BB,NT,M
134,BU,NT,M
134,BZ,NT,M
134,CE,NT,M
134,CO,0.05,M
134,CR,NT,M
134,GB,2.0,M
134,HZ,NT,M
134,IG,2.0,M
134,IH,NT,M
134,IP,NT,M
134,IS,2.0,M
134,MU,NT,M
134,PB,NT,M
134,PC,NT,M
134,PO,2.0,M
134,PU,NT,M
134,SS,1.0,M
134,SY,2.0,M
134,TO,1.0,M
134,WM,1.0,M
143,BB,0.05,M
143,BU,0.05,M
143,BZ,0.05,M
143,CE,0.05,M
143,CR,NT,M
143,GB,NT,M
143,GR,0.05,M
143,HZ,0.05,M
143,IG,NT,M
143,IH,0.05,M
143,IP,0.05,M
143,IS,NT,M
143,MU,NT,M
143,PB,NT,M
143,PC,0.05,M
143,PE,0.05,M
143,PO,NT,M
143,PU,0.05,M
143,SS,0.05,M
143,SY,NT,M
143,TO,NT,M
143,WM,0.05,M
144,BB,NT,M
144,BU,NT,M
144,BZ,NT,M
144,CE,15,M
144,CR,10,M
144,GB,20,M
144,GR,10,M
144,HZ,20,M
144,IG,20,M
144,IH,20,M
144,IP,NT,M
144,IS,10,M
144,MU,NT,M
144,PB,NT,M
144,PC,20,M
144,PE,NT,M
144,PO,0.25,M
144,PU,15,M
144,SS,NT,M
144,TO,5,M
144,WM,NT,M
147,BU,NT,M
147,CE,NT,M
147,GB,NT,M
147,HZ,NT,M
147,IG,NT,M
147,IH,NT,M
147,IP,NT,M
147,MU,NT,M
147,PB,NT,M
147,PC,NT,M
147,SS,NT,M
147,TO,NT,M
148,BU,NT,M
148,CE,NT,M
148,CO,0.05,M
148,CR,NT,M
148,GB,0.05,M
148,HZ,NT,M
148,IG,0.05,M
148,IH,NT,M
148,IP,NT,M
148,MU,NT,M
148,PB,0.1,M
148,PC,NT,M
148,PO,0.2,M
148,SS,NT,M
148,SY,0.05,M
148,TO,NT,M
148,WM,NT,M
149,BB,0.20,M
149,BU,0.03,M
149,BZ,0.20,M
149,CO,0.20,M
149,CR,NT,M
149,GB,NT,M
149,GR,0.20,M
149,IG,NT,M
149,IH,0.20,M
149,IP,0.25,M
149,IS,NT,M
149,MU,NT,M
149,PB,NT,M
149,PE,0.25,M
149,PO,NT,M
149,PU,0.20,M
149,SS,NT,M
149,TO,NT,M
149,WM,NT,M
151,BB,NT,M
151,BU,NT,M
151,BZ,NT,M
151,CE,0.05,M
151,CO,0.05,M
151,CR,1.0,M
151,GB,0.05,M
151,GR,0.05,M
151,HZ,0.05,M
151,IG,0.05,M
151,IH,0.05,M
151,IP,NT,M
151,IS,0.05,M
151,MU,NT,M
151,PB,0.05,M
151,PC,0.05,M
151,PE,NT,M
151,PO,0.05,M
151,PU,0.05,M
151,SS,0.05,M
151,SY,0.05,M
151,TO,0.05,M
151,WM,0.05,M
152,BB,0.2,M
152,BU,NT,M
152,BZ,0.2,M
152,CE,NT,M
152,CR,NT,M
152,GB,NT,M
152,HZ,0.2,M
152,IG,NT,M
152,IH,0.2,M
152,IP,NT,M
152,IS,NT,M
152,MU,NT,M
152,PB,NT,M
152,PC,0.2,M
152,PO,NT,M
152,PU,NT,M
152,SS,NT,M
152,TO,NT,M
152,WM,1.0,M
153,BB,NT,M
153,BZ,NT,M
153,CR,NT,M
153,GB,NT,M
153,IG,NT,M
153,IH,NT,M
153,IS,NT,M
153,PB,NT,M
153,PO,NT,M
153,PU,NT,M
153,SS,NT,M
153,TO,NT,M
153,WM,NT,M
156,CE,NT,M
156,CO,0.05,M
156,CR,NT,M
156,GB,NT,M
156,HZ,NT,M
156,IG,NT,M
156,IH,NT,M
156,PB,NT,M
156,PC,NT,M
156,PO,NT,M
156,SS,NT,M
156,TO,NT,M
156,WM,NT,M
157,BB,NT,M
157,BU,0.1,M
157,BZ,NT,M
157,CE,NT,M
157,CO,0.01,M
157,CR,10,M
157,GB,0.02,M
157,GR,NT,M
157,HZ,NT,M
157,IG,0.02,M
157,IH,NT,M
157,IP,10,M
157,IS,10,M
157,MU,40.0,M
157,PB,NT,M
157,PC,NT,M
157,PE,10,M
157,PO,10,M
157,PU,NT,M
157,SS,0.02,M
157,SY,0.02,M
157,TO,NT,M
157,WM,0.02,M
158,GB,NT,M
158,IG,NT,M
158,IH,NT,M
158,PB,NT,M
158,SS,NT,M
159,BB,6,M
159,BU,NT,M
159,BZ,6,M
159,CE,3,M
159,CO,0.1,M
159,CR,0.2,M
159,GB,2,M
159,GR,5,M
159,HZ,5,M
159,IG,2,M
159,IH,5,M
159,IP,4,M
159,IS,0.2,M
159,MU,NT,M
159,PB,0.1,M
159,PC,5,M
159,PE,4,M
159,PO,0.2,M
159,PU,NT,M
159,SS,0.2,M
159,SY,0.2,M
159,TO,1,M
159,WM,0.2,M
160,BB,0.1,M
160,BU,0.25,M
160,BZ,0.1,M
160,CE,0.1,M
160,CO,0.05,M
160,CR,0.1,M
160,GB,0.1,M
160,GR,0.1,M
160,HZ,0.1,M
160,IG,0.1,M
160,IH,0.1,M
160,IP,0.1,M
160,IS,0.1,M
160,MU,0.1,M
160,PB,0.2,M
160,PC,0.1,M
160,PE,0.1,M
160,PO,0.1,M
160,PU,0.1,M
160,SS,0.1,M
160,SY,0.3,M
160,TO,0.1,M
160,WM,0.1,M
161,CE,NT,M
161,HZ,NT,M
161,PC,NT,M
163,BU,NT,M
163,CE,NT,M
163,CR,NT,M
163,GB,NT,M
163,HZ,NT,M
163,IG,NT,M
163,IH,NT,M
163,IP,NT,M
163,MU,NT,M
163,PB,NT,M
163,PC,NT,M
163,PO,NT,M
163,SS,NT,M
163,TO,NT,M
164,BB,1.0,M
164,BZ,1.0,M
164,CE,15,M
164,GB,5,M
164,HZ,0.5,M
164,IG,5,M
164,IH,0.5,M
164,IS,NT,M
164,PB,0.3,M
164,PC,0.5,M
164,PU,0.2,M
164,SS,5.0,M
164,SY,0.2,M
165,BB,10,M
165,BU,0.1,M
165,BZ,10,M
165,CE,NT,M
165,CO,NT,M
165,CR,NT,M
165,GB,NT,M
165,GR,10,M
165,HZ,10,M
165,IG,NT,M
165,IH,10,M
165,IP,10,M
165,IS,12,M
165,MU,NT,M
165,PB,NT,M
165,PC,10,M
165,PE,10,M
165,PO,0.1,M
165,PU,5,M
165,SS,NT,M
165,TO,NT,M
165,WM,NT,M
166,BB,NT,M
166,BU,NT,M
166,BZ,NT,M
166,CE,NT,M
166,CR,NT,M
166,GB,NT,M
166,GR,NT,M
166,HZ,NT,M
166,IG,NT,M
166,IH,NT,M
166,IP,NT,M
166,IS,NT,M
166,MU,NT,M
166,PB,NT,M
166,PC,NT,M
166,PE,NT,M
166,PO,NT,M
166,PU,NT,M
166,SS,NT,M
166,TO,NT,M
167,BB,NT,M
167,BU,NT,M
167,BZ,NT,M
167,CE,NT,M
167,CR,NT,M
167,GB,NT,M
167,HZ,NT,M
167,IG,NT,M
167,IH,NT,M
167,IP,NT,M
167,MU,NT,M
167,PB,0.05,M
167,PC,NT,M
167,PO,1,M
167,PU,NT,M
167,SS,NT,M
167,SY,0.02,M
167,TO,NT,M
167,WM,NT,M
168,BB,NT,M
168,BU,NT,M
168,BZ,NT,M
168,CE,NT,M
168,CR,NT,M
168,GB,NT,M
168,HZ,NT,M
168,IG,NT,M
168,IH,NT,M
168,IP,NT,M
168,IS,0.1,M
168,MU,NT,M
168,PB,0.05,M
168,PC,NT,M
168,PO,1,M
168,PU,NT,M
168,SS,NT,M
168,SY,0.02,M
168,TO,NT,M
168,WM,NT,M
169,BB,NT,M
169,BU,NT,M
169,BZ,NT,M
169,CE,NT,M
169,CR,NT,M
169,GB,NT,M
169,HZ,NT,M
169,IG,NT,M
169,IH,NT,M
169,IP,NT,M
169,IS,0.1,M
169,MU,NT,M
169,PB,0.05,M
169,PC,NT,M
169,PO,1,M
169,PU,NT,M
169,SS,NT,M
169,SY,0.02,M
169,TO,NT,M
170,BB,0.02,M
170,BU,0.1,M
170,BZ,0.02,M
170,CE,10,M
170,CO,NT,M
170,CR,0.02,M
170,GB,0.02,M
170,GR,0.02,M
170,HZ,0.02,M
170,IG,0.02,M
170,IH,0.02,M
170,IP,0.02,M
170,IS,0.02,M
170,MU,0.02,M
170,PB,0.2,M
170,PC,0.02,M
170,PE,0.02,M
170,PO,0.02,M
170,PU,0.02,M
170,SS,0.02,M
170,SY,1.0,M
170,TO,0.02,M
170,WM,0.02,M
171,BB,1.0,M
171,BU,0.002,M
171,BZ,1.0,M
171,CE,2.0,M
171,CO,0.1,M
171,CR,NT,M
171,GB,2.0,M
171,GR,NT,M
171,HZ,NT,M
171,IG,2.0,M
171,IH,NT,M
171,IP,2.0,M
171,IS,NT,M
171,MU,NT,M
171,PB,NT,M
171,PC,NT,M
171,PE,2.0,M
171,PO,0.2,M
171,PU,NT,M
171,SS,NT,M
171,SY,0.05,M
171,TO,2.0,M
171,WM,1.0,M
172,BB,0.1,M
172,BU,NT,M
172,BZ,0.1,M
172,CE,0.1,M
172,CR,0.1,M
172,GB,0.1,M
172,GR,0.1,M
172,HZ,0.1,M
172,IG,0.1,M
172,IH,0.1,M
172,IP,0.1,M
172,IS,0.1,M
172,MU,NT,M
172,PB,0.1,M
172,PC,0.1,M
172,PE,0.1,M
172,PO,0.1,M
172,PU,0.1,M
172,SS,0.1,M
172,SY,NT,M
172,TO,0.1,M
173,BB,0.1,M
173,BU,NT,M
173,BZ,0.1,M
173,CE,0.1,M
173,CR,0.1,M
173,GB,0.1,M
173,GR,0.1,M
173,HZ,0.1,M
173,IG,0.1,M
173,IH,0.1,M
173,IP,0.1,M
173,IS,0.1,M
173,MU,NT,M
173,PB,0.1,M
173,PC,0.1,M
173,PE,0.1,M
173,PO,0.1,M
173,PU,0.1,M
173,SS,0.1,M
173,SY,NT,M
173,TO,0.1,M
175,BU,NT,M
175,CE,NT,M
175,CO,0.02,M
175,CR,NT,M
175,GB,0.02,M
175,HZ,NT,M
175,IG,0.02,M
175,IH,NT,M
175,IP,NT,M
175,MU,NT,M
175,PB,NT,M
175,PC,NT,M
175,PO,0.02,M
175,SS,NT,M
175,TO,NT,M
175,WM,NT,M
176,BU,0.05,M
176,GB,NT,M
176,IG,NT,M
176,IH,NT,M
176,IP,NT,M
176,MU,NT,M
176,PB,NT,M
176,SS,NT,M
176,TO,NT,M
177,CE,NT,M
177,CR,NT,M
177,GB,NT,M
177,HZ,NT,M
177,IG,NT,M
177,IH,NT,M
177,IP,NT,M
177,MU,NT,M
177,PB,NT,M
177,PC,NT,M
177,PO,NT,M
177,SS,NT,M
177,TO,NT,M
178,BB,1.0,M
178,BU,0.002,M
178,BZ,1.0,M
178,CE,2.0,M
178,CO,0.1,M
178,CR,NT,M
178,GB,2.0,M
178,GR,NT,M
178,HZ,NT,M
178,IG,2.0,M
178,IH,NT,M
178,IP,2.0,M
178,IS,NT,M
178,MU,NT,M
178,PB,NT,M
178,PC,NT,M
178,PE,2.0,M
178,PO,0.2,M
178,PU,NT,M
178,SS,NT,M
178,SY,0.05,M
178,TO,2.0,M
178,WM,1.0,M
180,BB,NT,M
180,BU,NT,M
180,BZ,NT,M
180,CE,NT,M
180,CO,NT,M
180,CR,NT,M
180,GB,NT,M
180,GR,NT,M
180,HZ,NT,M
180,IG,NT,M
180,IH,NT,M
180,IP,NT,M
180,IS,NT,M
180,MU,NT,M
180,PB,NT,M
180,PC,NT,M
180,PE,NT,M
180,PO,NT,M
180,PU,NT,M
180,SS,NT,M
180,SY,NT,M
180,TO,NT,M
180,WM,NT,M
181,BB,NT,M
181,BU,0.05,M
181,BZ,NT,M
181,CO,0.05,M
181,CR,0.3,M
181,GB,NT,M
181,IG,NT,M
181,IH,NT,M
181,IP,NT,M
181,IS,NT,M
181,MU,NT,M
181,PB,NT,M
181,PO,0.6,M
181,PU,NT,M
181,SS,NT,M
181,TO,0.1,M
189,BB,NT,M
189,BU,NT,M
189,BZ,NT,M
189,CE,NT,M
189,CO,0.05,M
189,CR,NT,M
189,GB,0.05,M
189,HZ,NT,M
189,IG,0.05,M
189,IH,NT,M
189,IP,NT,M
189,IS,NT,M
189,MU,NT,M
189,PB,0.1,M
189,PC,NT,M
189,PO,0.2,M
189,PU,NT,M
189,SS,NT,M
189,TO,NT,M
189,WM,NT,M
190,BB,NT,M
190,BU,NT,M
190,BZ,NT,M
190,CE,NT,M
190,CO,0.05,M
190,CR,NT,M
190,GB,0.05,M
190,HZ,NT,M
190,IG,0.05,M
190,IH,NT,M
190,IP,NT,M
190,IS,NT,M
190,MU,NT,M
190,PB,0.1,M
190,PC,NT,M
190,PO,0.2,M
190,PU,NT,M
190,SS,NT,M
190,SY,0.05,M
190,TO,NT,M
190,WM,NT,M
191,BB,NT,M
191,BZ,NT,M
191,GB,NT,M
191,IG,NT,M
191,IH,NT,M
191,IS,NT,M
191,PB,NT,M
191,PU,NT,M
191,SS,NT,M
195,BU,NT,M
195,CE,NT,M
195,CR,NT,M
195,GB,NT,M
195,HZ,NT,M
195,IG,NT,M
195,IH,NT,M
195,IP,NT,M
195,MU,NT,M
195,PB,NT,M
195,PC,NT,M
195,PO,NT,M
195,SS,NT,M
195,TO,NT,M
196,GB,NT,M
196,IG,NT,M
196,IH,NT,M
196,PB,NT,M
196,SS,NT,M
197,BB,NT,M
197,BU,NT,M
197,BZ,NT,M
197,CE,NT,M
197,CR,NT,M
197,GB,NT,M
197,GR,NT,M
197,HZ,0.05,M
197,IG,NT,M
197,IH,0.05,M
197,IP,0.05,M
197,IS,NT,M
197,MU,NT,M
197,PB,NT,M
197,PC,0.05,M
197,PE,0.05,M
197,PO,NT,M
197,PU,0.05,M
197,SS,NT,M
197,TO,NT,M
200,BU,NT,M
200,CE,NT,M
200,CR,0.1,M
200,GB,0.08,M
200,HZ,NT,M
200,IG,0.08,M
200,IH,NT,M
200,IP,NT,M
200,MU,NT,M
200,PB,NT,M
200,PC,NT,M
200,PO,0.1,M
200,SS,NT,M
200,TO,0.08,M
200,WM,NT,M
201,CE,NT,M
201,GB,NT,M
201,HZ,NT,M
201,IG,NT,M
201,IH,NT,M
201,PB,NT,M
201,PC,NT,M
201,SS,NT,M
202,GB,NT,M
202,IG,NT,M
202,IH,NT,M
202,IP,NT,M
202,MU,NT,M
202,PB,NT,M
202,SS,NT,M
202,TO,NT,M
203,BU,NT,M
203,CE,NT,M
203,GB,NT,M
203,HZ,NT,M
203,IG,NT,M
203,IH,NT,M
203,IP,NT,M
203,MU,NT,M
203,PB,NT,M
203,PC,NT,M
203,SS,NT,M
203,TO,NT,M
204,BB,0.02,M
204,BU,0.1,M
204,BZ,0.02,M
204,CE,10,M
204,CO,NT,M
204,CR,0.02,M
204,GB,0.02,M
204,GR,0.02,M
204,HZ,0.02,M
204,IG,0.02,M
204,IH,0.02,M
204,IP,0.02,M
204,IS,0.02,M
204,MU,0.02,M
204,PB,0.2,M
204,PC,0.02,M
204,PE,0.02,M
204,PO,0.02,M
204,PU,0.02,M
204,SS,0.02,M
204,SY,1.0,M
204,TO,0.02,M
204,WM,0.02,M
205,CR,NT,M
205,GB,NT,M
205,IG,NT,M
205,IH,NT,M
205,PB,NT,M
205,PO,NT,M
205,SS,NT,M
205,TO,NT,M
205,WM,NT,M
208,BB,8,M
208,BU,0.5,M
208,BZ,8,M
208,CE,8,M
208,CO,8,M
208,CR,8,M
208,GB,8,M
208,GR,8,M
208,HZ,8,M
208,IG,8,M
208,IH,8,M
208,IP,8,M
208,IS,1,M
208,MU,8,M
208,PB,8,M
208,PC,8,M
208,PE,8,M
208,PO,8,M
208,PU,8,M
208,SS,8,M
208,SY,8,M
208,TO,8,M
208,WM,8,M
209,BU,NT,M
209,GB,NT,M
209,IG,NT,M
209,IH,NT,M
209,IP,NT,M
209,MU,NT,M
209,PB,NT,M
209,SS,NT,M
209,TO,NT,M
210,CE,NT,M
210,CO,0.2,M
210,CR,NT,M
210,GB,0.2,M
210,HZ,NT,M
210,IG,0.2,M
210,IH,NT,M
210,PB,0.2,M
210,PC,NT,M
210,PO,NT,M
210,SS,NT,M
210,SY,0.2,M
210,TO,NT,M
210,WM,NT,M
216,BB,NT,M
216,BU,NT,M
216,BZ,NT,M
216,CE,NT,M
216,CR,NT,M
216,GB,0.75,M
216,HZ,NT,M
216,IG,0.75,M
216,IH,NT,M
216,IP,NT,M
216,IS,NT,M
216,MU,NT,M
216,PB,NT,M
216,PC,NT,M
216,PO,NT,M
216,PU,NT,M
216,SS,NT,M
216,TO,NT,M
217,GB,NT,M
217,IG,NT,M
217,IH,NT,M
217,PB,NT,M
217,SS,NT,M
219,BB,NT,M
219,BZ,NT,M
219,CE,NT,M
219,CR,NT,M
219,GB,NT,M
219,HZ,NT,M
219,IG,NT,M
219,IH,NT,M
219,IS,NT,M
219,PB,NT,M
219,PC,NT,M
219,PO,NT,M
219,PU,NT,M
219,SS,1.0,M
219,TO,NT,M
222,BB,NT,M
222,BU,3.0,M
222,BZ,NT,M
222,CR,NT,M
222,GR,2,M
222,IP,0.05,M
222,IS,0.05,M
222,MU,5.0,M
222,PE,0.05,M
222,PO,0.05,M
222,PU,NT,M
222,TO,2.0,M
223,BB,NT,M
223,BU,3.0,M
223,BZ,NT,M
223,CR,NT,M
223,GR,2,M
223,IP,0.05,M
223,IS,0.05,M
223,MU,5.0,M
223,PE,0.05,M
223,PO,0.05,M
223,PU,NT,M
223,TO,2.0,M
224,BB,NT,M
224,BU,0.01,M
224,BZ,NT,M
224,CE,NT,M
224,CR,NT,M
224,GB,NT,M
224,HZ,NT,M
224,IG,NT,M
224,IH,NT,M
224,IP,NT,M
224,IS,NT,M
224,MU,NT,M
224,PB,NT,M
224,PC,NT,M
224,PO,NT,M
224,PU,NT,M
224,SS,NT,M
224,TO,NT,M
224,WM,NT,M
226,GB,NT,M
226,IG,NT,M
226,IH,NT,M
226,PB,NT,M
226,SS,NT,M
227,BU,0.02,M
227,CO,0.2,M
227,CR,NT,M
227,GB,NT,M
227,IG,NT,M
227,IH,NT,M
227,IP,NT,M
227,MU,NT,M
227,PB,0.5,M
227,PO,NT,M
227,SS,NT,M
227,SY,1.0,M
227,TO,NT,M
227,WM,NT,M
228,GB,NT,M
228,IG,NT,M
228,IH,NT,M
228,PB,NT,M
228,SS,NT,M
229,GB,NT,M
229,IG,NT,M
229,IH,NT,M
229,PB,NT,M
229,SS,NT,M
230,BB,0.1,M
230,BU,0.04,M
230,BZ,0.1,M
230,CE,0.2,M
230,CO,0.1,M
230,CR,0.5,M
230,GB,0.10,M
230,GR,0.1,M
230,HZ,0.1,M
230,IG,0.10,M
230,IH,0.1,M
230,IP,0.1,M
230,IS,NT,M
230,MU,NT,M
230,PB,0.1,M
230,PC,0.1,M
230,PE,0.1,M
230,PO,0.1,M
230,PU,0.1,M
230,SS,NT,M
230,SY,0.1,M
230,TO,0.1,M
230,WM,0.10,M
235,GB,NT,M
235,IG,NT,M
235,IH,NT,M
235,PB,NT,M
235,SS,NT,M
236,BU,NT,M
236,CE,NT,M
236,CR,NT,M
236,GB,NT,M
236,GR,0.1,M
236,HZ,NT,M
236,IG,NT,M
236,IH,NT,M
236,IP,NT,M
236,MU,NT,M
236,PB,NT,M
236,PC,NT,M
236,PE,NT,M
236,PO,NT,M
236,SS,NT,M
236,TO,NT,M
237,BB,10,M
237,BZ,10,M
237,CO,NT,M
237,CR,NT,M
237,GB,NT,M
237,GR,10,M
237,IG,NT,M
237,IH,10,M
237,IS,12,M
237,PB,NT,M
237,PE,10,M
237,PO,0.1,M
237,PU,NT,M
237,SS,NT,M
237,SY,NT,M
237,TO,NT,M
237,WM,NT,M
239,BB,NT,M
239,BZ,NT,M
239,CE,0.15,M
239,CR,0.10,M
239,GB,NT,M
239,HZ,NT,M
239,IG,NT,M
239,IH,NT,M
239,IS,NT,M
239,PB,NT,M
239,PC,NT,M
239,PO,NT,M
239,PU,NT,M
239,SS,0.15,M
239,TO,0.10,M
239,WM,0.15,M
242,GB,NT,M
242,IG,NT,M
242,IH,NT,M
242,PB,NT,M
242,SS,NT,M
243,GB,NT,M
243,IG,NT,M
243,IH,NT,M
243,PB,NT,M
243,SS,NT,M
244,GB,NT,M
244,IG,NT,M
244,IH,NT,M
244,PB,NT,M
244,SS,NT,M
245,BB,NT,M
245,BZ,NT,M
245,CE,NT,M
245,CR,NT,M
245,GB,NT,M
245,HZ,NT,M
245,IG,NT,M
245,IH,NT,M
245,IS,NT,M
245,PB,NT,M
245,PC,NT,M
245,PO,NT,M
245,PU,NT,M
245,SS,1.0,M
245,TO,NT,M
245,WM,0.2,M
247,CR,NT,M
247,GB,NT,M
247,IG,NT,M
247,IH,NT,M
247,PB,NT,M
247,PO,NT,M
247,SS,NT,M
247,TO,NT,M
249,BU,NT,M
249,CR,0.45,M
249,GB,0.05,M
249,IG,0.05,M
249,IH,NT,M
249,IP,NT,M
249,MU,NT,M
249,PB,NT,M
249,PO,NT,M
249,SS,NT,M
249,TO,NT,M
250,GB,NT,M
250,IG,NT,M
250,IH,NT,M
250,PB,NT,M
250,SS,NT,M
253,CR,NT,M
253,PO,NT,M
253,TO,2.0,M
254,BB,NT,M
254,BU,22.0,M
254,BZ,NT,M
254,CR,NT,M
254,IH,5.0,M
254,IP,10.0,M
254,IS,NT,M
254,MU,NT,M
254,PO,NT,M
254,PU,5.0,M
254,SS,2.0,M
254,SY,NT,M
254,TO,2.0,M
254,WM,2.0,M
255,BU,0.05,M
255,CR,NT,M
255,GB,2.0,M
255,IG,2.0,M
255,IH,NT,M
255,IP,NT,M
255,PB,NT,M
255,PO,0.8,M
255,SS,1.0,M
255,TO,1,M
256,GB,NT,M
256,IH,NT,M
256,PB,NT,M
256,SS,NT,M
258,CE,NT,M
258,GB,NT,M
258,HZ,NT,M
258,IG,NT,M
258,IH,NT,M
258,PB,NT,M
258,PC,NT,M
258,SS,NT,M
264,BB,1.3,M
264,BU,0.05,M
264,BZ,1.3,M
264,CE,5,M
264,CO,0.2,M
264,CR,0.3,M
264,GB,0.70,M
264,HZ,4.0,M
264,IG,0.70,M
264,IH,4.0,M
264,IP,NT,M
264,IS,NT,M
264,MU,0.1,M
264,PB,0.2,M
264,PC,4.0,M
264,PO,NT,M
264,PU,0.60,M
264,SS,NT,M
264,SY,2.0,M
264,TO,3.0,M
264,WM,NT,M
267,GB,NT,M
267,IG,NT,M
267,IH,NT,M
267,PB,NT,M
267,SS,NT,M
271,BU,NT,M
271,CE,NT,M
271,CR,NT,M
271,GB,NT,M
271,GR,0.1,M
271,HZ,NT,M
271,IG,NT,M
271,IH,NT,M
271,IP,0.1,M
271,MU,NT,M
271,PB,NT,M
271,PC,NT,M
271,PE,0.1,M
271,PO,NT,M
271,SS,0.20,M
271,TO,NT,M
275,CE,NT,M
275,HZ,NT,M
275,PC,NT,M
275,SY,NT,M
276,BU,NT,M
276,IP,NT,M
276,MU,NT,M
276,TO,NT,M
278,GB,NT,M
278,IG,NT,M
278,IH,NT,M
278,PB,NT,M
278,SS,NT,M
283,BB,0.15,M
283,BU,0.02,M
283,BZ,0.15,M
283,CE,0.10,M
283,CO,0.10,M
283,CR,0.40,M
283,GB,0.30,M
283,HZ,NT,M
283,IG,0.30,M
283,IH,NT,M
283,IP,NT,M
283,IS,0.20,M
283,MU,NT,M
283,PB,0.20,M
283,PC,NT,M
283,PO,0.20,M
283,PU,NT,M
283,SS,0.50,M
283,TO,0.10,M
283,WM,0.50,M
292,GB,NT,M
292,IG,NT,M
292,IH,0.05,M
292,IP,NT,M
292,MU,NT,M
292,PB,1.5,M
292,SS,NT,M
292,SY,2.5,M
292,TO,NT,M
292,WM,NT,M
293,GB,NT,M
293,IG,NT,M
293,IH,NT,M
293,PB,NT,M
293,SS,NT,M
297,BB,NT,M
297,BZ,NT,M
297,CE,NT,M
297,CO,NT,M
297,CR,NT,M
297,GB,NT,M
297,GR,NT,M
297,HZ,NT,M
297,IG,NT,M
297,IH,NT,M
297,IS,NT,M
297,PB,NT,M
297,PC,NT,M
297,PE,NT,M
297,PO,NT,M
297,PU,NT,M
297,SS,NT,M
297,SY,NT,M
297,TO,NT,M
297,WM,NT,M
299,BB,NT,M
299,BZ,NT,M
299,GB,NT,M
299,IG,NT,M
299,IH,NT,M
299,IS,NT,M
299,PB,NT,M
299,PU,NT,M
299,SS,NT,M
303,BB,0.5,M
303,BZ,0.5,M
303,CR,0.5,M
303,GR,0.5,M
303,IS,0.5,M
303,PE,0.5,M
303,PU,0.5,M
303,TO,0.5,M
304,BU,NT,M
304,CE,NT,M
304,CR,NT,M
304,GB,0.1,M
304,HZ,NT,M
304,IG,0.1,M
304,IH,NT,M
304,IP,NT,M
304,MU,NT,M
304,PB,1.0,M
304,PC,NT,M
304,PO,0.1,M
304,SS,NT,M
304,SY,0.02,M
304,TO,0.1,M
304,WM,NT,M
305,BB,NT,M
305,BU,0.02,M
305,BZ,NT,M
305,CE,0.25,M
305,CO,0.20,M
305,CR,NT,M
305,GB,NT,M
305,HZ,NT,M
305,IG,NT,M
305,IH,NT,M
305,IP,NT,M
305,IS,NT,M
305,MU,NT,M
305,PB,NT,M
305,PC,NT,M
305,PO,NT,M
305,PU,NT,M
305,SS,NT,M
305,TO,NT,M
305,WM,NT,M
310,GB,NT,M
310,IG,NT,M
310,IH,NT,M
310,PB,NT,M
310,SS,NT,M
321,CE,NT,M
321,CR,NT,M
321,GB,0.1,M
321,HZ,NT,M
321,IG,0.1,M
321,IH,NT,M
321,PB,1.0,M
321,PC,NT,M
321,PO,0.1,M
321,SS,NT,M
321,SY,0.02,M
321,TO,0.1,M
321,WM,NT,M
323,GB,NT,M
323,IG,NT,M
323,IH,NT,M
323,PB,NT,M
323,SS,NT,M
324,BB,0.15,M
324,BU,NT,M
324,BZ,0.15,M
324,CE,NT,M
324,CR,NT,M
324,GB,NT,M
324,GR,0.15,M
324,HZ,0.15,M
324,IG,NT,M
324,IH,0.15,M
324,IP,0.5,M
324,IS,NT,M
324,MU,NT,M
324,PB,NT,M
324,PC,0.15,M
324,PE,0.5,M
324,PO,NT,M
324,PU,0.15,M
324,SS,NT,M
324,TO,NT,M
324,WM,NT,M
330,BU,NT,M
330,CE,NT,M
330,GB,NT,M
330,HZ,NT,M
330,IG,NT,M
330,IH,NT,M
330,IP,NT,M
330,MU,NT,M
330,PB,NT,M
330,PC,NT,M
330,SS,NT,M
330,TO,NT,M
333,GB,NT,M
333,IG,NT,M
333,IH,NT,M
333,PB,NT,M
333,SS,NT,M
338,BB,0.5,M
338,BU,0.5,M
338,BZ,0.5,M
338,CE,3,M
338,CO,0.5,M
338,CR,0.5,M
338,GB,0.5,M
338,GR,0.5,M
338,HZ,0.5,M
338,IG,0.5,M
338,IH,0.5,M
338,IP,0.5,M
338,IS,0.5,M
338,MU,0.5,M
338,PB,0.5,M
338,PC,0.5,M
338,PE,0.5,M
338,PO,0.5,M
338,PU,0.5,M
338,SS,0.5,M
338,SY,0.5,M
338,TO,0.5,M
338,WM,0.5,M
341,GB,NT,M
341,IG,NT,M
341,IH,NT,M
341,PB,NT,M
341,SS,NT,M
343,CE,NT,M
343,CR,NT,M
343,GB,NT,M
343,HZ,NT,M
343,IG,NT,M
343,IH,NT,M
343,PB,NT,M
343,PC,NT,M
343,PO,NT,M
343,SS,NT,M
343,TO,NT,M
351,BB,NT,M
351,BU,NT,M
351,BZ,NT,M
351,CE,NT,M
351,CR,NT,M
351,GB,0.1,M
351,HZ,NT,M
351,IG,0.1,M
351,IH,NT,M
351,IP,NT,M
351,IS,NT,M
351,MU,NT,M
351,PB,1.0,M
351,PC,NT,M
351,PO,0.1,M
351,PU,NT,M
351,SS,NT,M
351,SY,0.02,M
351,TO,0.1,M
351,WM,NT,M
352,BB,NT,M
352,BZ,NT,M
352,GB,NT,M
352,IG,NT,M
352,IH,NT,M
352,IS,NT,M
352,PB,NT,M
352,PU,NT,M
352,SS,NT,M
370,BU,NT,M
370,CR,NT,M
370,GB,NT,M
370,IG,NT,M
370,IH,NT,M
370,IP,NT,M
370,MU,NT,M
370,PB,NT,M
370,PO,NT,M
370,SS,NT,M
370,TO,NT,M
377,BU,NT,M
377,GB,NT,M
377,IG,NT,M
377,IH,NT,M
377,IP,NT,M
377,MU,NT,M
377,PB,NT,M
377,SS,NT,M
377,TO,NT,M
382,BB,3.0,M
382,BZ,3.0,M
382,CO,0.02,M
382,CR,2.0,M
382,GR,10,M
382,IH,10,M
382,IS,0.2,M
382,PE,12,M
382,PO,2.0,M
382,PU,10,M
382,TO,5.0,M
385,GB,NT,M
385,IG,NT,M
385,IH,NT,M
385,PB,NT,M
385,SS,NT,M
387,BB,NT,M
387,BZ,NT,M
387,CE,NT,M
387,CR,NT,M
387,GB,0.1,M
387,HZ,NT,M
387,IG,0.1,M
387,IH,NT,M
387,IP,NT,M
387,IS,NT,M
387,MU,NT,M
387,PB,1.0,M
387,PC,NT,M
387,PO,0.1,M
387,PU,NT,M
387,SS,NT,M
387,SY,0.02,M
387,TO,0.1,M
387,WM,NT,M
388,BU,NT,M
388,CE,NT,M
388,CR,NT,M
388,GB,0.1,M
388,HZ,NT,M
388,IG,0.1,M
388,IH,NT,M
388,IP,NT,M
388,MU,NT,M
388,PB,1.0,M
388,PC,NT,M
388,PO,0.1,M
388,SS,NT,M
388,TO,0.1,M
388,WM,NT,M
391,BU,NT,M
391,GB,NT,M
391,IG,NT,M
391,IH,NT,M
391,IP,NT,M
391,MU,NT,M
391,PB,NT,M
391,SS,NT,M
391,TO,NT,M
395,BU,NT,M
395,CE,0.70,M
395,CR,0.75,M
395,GB,0.50,M
395,GR,0.75,M
395,HZ,0.20,M
395,IG,0.50,M
395,IH,0.20,M
395,IP,0.50,M
395,MU,0.75,M
395,PB,NT,M
395,PC,0.20,M
395,PE,0.50,M
395,PO,0.10,M
395,SS,0.50,M
395,TO,0.75,M
507,GB,NT,M
507,IG,NT,M
507,IH,NT,M
507,PB,NT,M
507,SS,NT,M
512,BB,NT,M
512,BU,NT,M
512,BZ,NT,M
512,CE,NT,M
512,CO,NT,M
512,CR,NT,M
512,GB,NT,M
512,GR,NT,M
512,HZ,NT,M
512,IG,NT,M
512,IH,NT,M
512,IP,NT,M
512,IS,NT,M
512,MU,NT,M
512,PB,NT,M
512,PC,NT,M
512,PE,NT,M
512,PO,NT,M
512,PU,NT,M
512,SS,NT,M
512,SY,NT,M
512,TO,NT,M
512,WM,NT,M
523,CE,NT,M
523,GB,NT,M
523,HZ,NT,M
523,IG,NT,M
523,IH,NT,M
523,IS,NT,M
523,PB,NT,M
523,PC,NT,M
523,PU,NT,M
523,SS,NT,M
529,BB,NT,M
529,BU,0.05,M
529,BZ,NT,M
529,CE,NT,M
529,CR,NT,M
529,GB,2.0,M
529,HZ,25.0,M
529,IG,2.0,M
529,IH,25.0,M
529,IP,NT,M
529,IS,NT,M
529,MU,NT,M
529,PB,NT,M
529,PC,25.0,M
529,PO,NT,M
529,PU,NT,M
529,SS,NT,M
529,TO,NT,M
536,CE,NT,M
536,CR,NT,M
536,GB,NT,M
536,HZ,NT,M
536,IG,NT,M
536,IH,NT,M
536,PB,NT,M
536,PC,NT,M
536,PO,NT,M
536,SS,NT,M
536,TO,NT,M
537,BB,NT,M
537,BU,NT,M
537,BZ,NT,M
537,CE,10.0,M
537,CR,0.1,M
537,GB,NT,M
537,GR,NT,M
537,HZ,NT,M
537,IG,NT,M
537,IH,NT,M
537,IP,2.0,M
537,IS,0.1,M
537,MU,NT,M
537,PB,0.05,M
537,PC,NT,M
537,PE,2.0,M
537,PO,0.1,M
537,PU,NT,M
537,SS,2.0,M
537,SY,NT,M
537,TO,2,M
537,WM,2.0,M
539,CE,5,M
539,CO,0.05,M
539,GB,NT,M
539,HZ,2,M
539,IG,NT,M
539,IH,2,M
539,PB,NT,M
539,PC,2,M
539,SS,1.5,M
539,WM,1.5,M
540,BB,0.05,M
540,BU,0.02,M
540,BZ,0.05,M
540,CE,NT,M
540,CR,NT,M
540,GB,NT,M
540,GR,0.1,M
540,HZ,0.1,M
540,IG,NT,M
540,IH,0.1,M
540,IP,0.1,M
540,IS,NT,M
540,MU,NT,M
540,PB,NT,M
540,PC,0.1,M
540,PE,0.1,M
540,PO,NT,M
540,PU,0.1,M
540,SS,NT,M
540,TO,NT,M
540,WM,NT,M
545,GB,NT,M
545,IG,NT,M
545,IH,NT,M
545,PB,NT,M
545,SS,NT,M
547,GB,NT,M
547,IG,NT,M
547,IH,NT,M
547,PB,NT,M
547,SS,NT,M
553,CE,NT,M
553,CR,NT,M
553,GB,NT,M
553,HZ,NT,M
553,IG,NT,M
553,IH,NT,M
553,PB,NT,M
553,PC,NT,M
553,PO,NT,M
553,SS,NT,M
553,TO,NT,M
556,CE,3.0,M
556,CR,3.0,M
556,GB,3.0,M
556,GR,3.0,M
556,HZ,3.0,M
556,IG,3.0,M
556,IH,3.0,M
556,PB,3.0,M
556,PC,3.0,M
556,PE,3.0,M
556,PO,3.0,M
556,SS,3.0,M
556,TO,3.0,M
558,GB,NT,M
558,IG,NT,M
558,IH,NT,M
558,PB,NT,M
558,SS,NT,M
562,BB,NT,M
562,BU,NT,M
562,BZ,NT,M
562,CE,NT,M
562,CR,NT,M
562,GB,NT,M
562,HZ,NT,M
562,IG,NT,M
562,IH,NT,M
562,IP,NT,M
562,IS,NT,M
562,MU,NT,M
562,PB,NT,M
562,PC,NT,M
562,PO,NT,M
562,PU,NT,M
562,SS,NT,M
562,TO,NT,M
569,GB,NT,M
569,IG,NT,M
569,IH,NT,M
569,PB,NT,M
569,SS,NT,M
580,BU,NT,M
580,CE,NT,M
580,CR,NT,M
580,GB,NT,M
580,HZ,NT,M
580,IG,NT,M
580,IH,NT,M
580,IP,NT,M
580,MU,NT,M
580,PB,NT,M
580,PC,NT,M
580,PO,NT,M
580,SS,NT,M
580,TO,NT,M
587,GB,NT,M
587,IG,NT,M
587,IH,NT,M
587,PB,NT,M
587,SS,NT,M
593,BB,NT,M
593,BZ,NT,M
593,CE,NT,M
593,CR,NT,M
593,GB,NT,M
593,HZ,NT,M
593,IG,NT,M
593,IH,NT,M
593,IS,NT,M
593,PB,NT,M
593,PC,NT,M
593,PO,NT,M
593,PU,NT,M
593,SS,NT,M
593,TO,NT,M
594,BU,NT,M
594,CE,NT,M
594,CR,NT,M
594,GB,NT,M
594,GR,0.1,M
594,HZ,NT,M
594,IG,NT,M
594,IH,NT,M
594,IP,NT,M
594,MU,NT,M
594,PB,NT,M
594,PC,NT,M
594,PE,NT,M
594,PO,NT,M
594,SS,NT,M
594,TO,0.1,M
594,WM,NT,M
595,GB,NT,M
595,IG,NT,M
595,IH,NT,M
595,PB,NT,M
595,SS,NT,M
596,BB,0.2,M
596,BU,0.1,M
596,BZ,0.2,M
596,CE,NT,M
596,CR,NT,M
596,GB,NT,M
596,GR,0.1,M
596,HZ,0.1,M
596,IG,NT,M
596,IH,0.1,M
596,IP,0.1,M
596,IS,NT,M
596,MU,NT,M
596,PB,0.05,M
596,PC,0.1,M
596,PE,0.1,M
596,PO,NT,M
596,PU,0.1,M
596,SS,NT,M
596,SY,0.1,M
596,TO,NT,M
596,WM,NT,M
597,BB,0.8,M
597,BU,2.5,M
597,BZ,0.8,M
597,CE,10,M
597,CO,0.05,M
597,CR,0.1,M
597,GB,0.7,M
597,GR,2,M
597,HZ,2,M
597,IG,0.7,M
597,IH,2,M
597,IP,2,M
597,IS,0.1,M
597,MU,0.05,M
597,PB,0.05,M
597,PC,2,M
597,PE,2,M
597,PO,0.1,M
597,PU,2,M
597,SS,0.2,M
597,SY,0.05,M
597,TO,0.2,M
597,WM,0.2,M
602,GB,NT,M
602,IG,NT,M
602,IH,NT,M
602,PB,NT,M
602,SS,NT,M
603,GB,NT,M
603,IG,NT,M
603,IH,NT,M
603,PB,NT,M
603,SS,NT,M
604,BB,NT,M
604,BZ,NT,M
604,CE,NT,M
604,CR,NT,M
604,GB,NT,M
604,GR,NT,M
604,HZ,NT,M
604,IG,NT,M
604,IH,NT,M
604,IP,NT,M
604,IS,NT,M
604,MU,NT,M
604,PB,NT,M
604,PC,NT,M
604,PE,NT,M
604,PO,NT,M
604,PU,NT,M
604,SS,NT,M
604,TO,NT,M
604,WM,NT,M
607,BB,2.0,M
607,BU,0.02,M
607,BZ,2.0,M
607,CE,5.0,M
607,CO,0.1,M
607,CR,0.5,M
607,GB,0.2,M
607,GR,2.0,M
607,HZ,1.0,M
607,IG,0.2,M
607,IH,1.0,M
607,IP,NT,M
607,IS,0.5,M
607,MU,NT,M
607,PB,0.2,M
607,PC,1.0,M
607,PE,NT,M
607,PO,0.5,M
607,PU,1.0,M
607,SS,1.0,M
607,SY,1.0,M
607,TO,1.0,M
607,WM,1.0,M
608,BU,NT,M
608,CE,NT,M
608,CR,NT,M
608,GB,NT,M
608,HZ,NT,M
608,IG,NT,M
608,IH,NT,M
608,IP,NT,M
608,MU,NT,M
608,PB,NT,M
608,PC,NT,M
608,PO,NT,M
608,SS,NT,M
608,TO,NT,M
609,BU,NT,M
609,GB,NT,M
609,IG,NT,M
609,IH,NT,M
609,IP,NT,M
609,MU,NT,M
609,PB,NT,M
609,SS,NT,M
609,TO,NT,M
611,GR,5.0,M
611,IH,3.0,M
611,PE,3.0,M
611,SS,1.0,M
611,WM,1.0,M
612,BB,0.05,M
612,BU,0.1,M
612,BZ,0.05,M
612,CE,0.05,M
612,CO,1.0,M
612,CR,0.2,M
612,GB,0.05,M
612,GR,0.05,M
612,HZ,0.05,M
612,IG,0.05,M
612,IH,0.05,M
612,IP,0.2,M
612,IS,0.05,M
612,MU,0.05,M
612,PB,0.05,M
612,PC,0.05,M
612,PE,0.2,M
612,PO,0.05,M
612,PU,0.05,M
612,SS,0.2,M
612,SY,0.1,M
612,TO,0.3,M
612,WM,0.2,M
613,CE,NT,M
613,CR,NT,M
613,GB,NT,M
613,HZ,NT,M
613,IG,NT,M
613,IH,NT,M
613,PB,NT,M
613,PC,NT,M
613,PO,NT,M
613,SS,NT,M
613,TO,NT,M
614,BB,NT,M
614,BU,0.5,M
614,BZ,NT,M
614,GB,NT,M
614,IG,NT,M
614,IH,NT,M
614,IP,NT,M
614,IS,NT,M
614,MU,NT,M
614,PB,NT,M
614,PU,NT,M
614,SS,NT,M
614,TO,NT,M
621,CE,NT,M
621,GB,NT,M
621,HZ,NT,M
621,IG,NT,M
621,IH,NT,M
621,PB,NT,M
621,PC,NT,M
621,SS,NT,M
621,WM,NT,M
623,BB,NT,M
623,BU,2.0,M
623,BZ,NT,M
623,CE,NT,M
623,CR,NT,M
623,GB,NT,M
623,GR,10.0,M
623,HZ,NT,M
623,IG,NT,M
623,IH,NT,M
623,IP,NT,M
623,IS,NT,M
623,MU,NT,M
623,PB,0.1,M
623,PC,NT,M
623,PE,NT,M
623,PO,0.1,M
623,PU,NT,M
623,SS,NT,M
623,TO,NT,M
623,WM,NT,M
624,BB,20.0,M
624,BU,0.10,M
624,BZ,20.0,M
624,CO,0.05,M
624,GB,0.05,M
624,GR,25.0,M
624,IG,0.05,M
624,IH,15.0,M
624,IP,25.0,M
624,IS,0.05,M
624,MU,NT,M
624,PB,0.05,M
624,PE,25.0,M
624,PU,10.0,M
624,SS,0.05,M
624,SY,0.05,M
624,TO,0.05,M
625,BB,NT,M
625,BZ,NT,M
625,GB,NT,M
625,IG,NT,M
625,IH,NT,M
625,IS,NT,M
625,PB,NT,M
625,SS,NT,M
626,BB,15.0,M
626,BU,0.5,M
626,BZ,15.0,M
626,CE,NT,M
626,CR,5.0,M
626,GB,2.0,M
626,GR,60.0,M
626,HZ,20.0,M
626,IG,2.0,M
626,IH,20.0,M
626,IP,NT,M
626,IS,NT,M
626,MU,NT,M
626,PB,0.5,M
626,PC,20.0,M
626,PE,NT,M
626,PO,0.5,M
626,PU,20.0,M
626,SS,NT,M
626,TO,NT,M
626,WM,NT,M
633,CR,NT,M
633,GB,NT,M
633,IG,NT,M
633,IH,NT,M
633,PB,NT,M
633,SS,NT,M
634,GB,NT,M
634,IH,NT,M
634,PB,NT,M
634,SS,NT,M
636,BB,NT,M
636,BU,NT,M
636,BZ,NT,M
636,CE,NT,M
636,CO,NT,M
636,CR,NT,M
636,GB,NT,M
636,GR,NT,M
636,HZ,NT,M
636,IG,NT,M
636,IH,NT,M
636,IP,NT,M
636,IS,NT,M
636,MU,NT,M
636,PB,NT,M
636,PC,NT,M
636,PE,NT,M
636,PO,NT,M
636,PU,NT,M
636,SS,NT,M
636,SY,NT,M
636,TO,NT,M
637,GB,NT,M
637,IG,NT,M
637,IH,NT,M
637,PB,NT,M
637,SS,NT,M
638,CE,NT,M
638,CO,0.05,M
638,CR,NT,M
638,GB,NT,M
638,HZ,NT,M
638,IG,NT,M
638,IH,NT,M
638,PB,NT,M
638,PC,NT,M
638,PO,NT,M
638,SS,NT,M
638,TO,NT,M
649,CR,NT,M
649,GR,11,M
649,PE,NT,M
649,PO,NT,M
649,TO,2.0,M
651,BB,NT,M
651,BU,0.05,M
651,BZ,NT,M
651,CR,0.20,M
651,GB,NT,M
651,GR,NT,M
651,IG,NT,M
651,IH,0.50,M
651,IP,0.50,M
651,IS,NT,M
651,MU,0.2,M
651,PB,0.10,M
651,PE,0.50,M
651,PO,NT,M
651,PU,0.50,M
651,SS,NT,M
651,SY,0.05,M
651,TO,NT,M
651,WM,NT,M
653,CO,5.0,M
653,SY,20.0,M
654,GB,NT,M
654,IG,NT,M
654,IH,NT,M
654,PB,NT,M
654,SS,NT,M
656,GB,NT,M
656,IG,NT,M
656,IH,NT,M
656,PB,NT,M
656,SS,NT,M
658,BB,NT,M
658,BU,NT,M
658,BZ,NT,M
658,CE,NT,M
658,CO,NT,M
658,CR,NT,M
658,GB,NT,M
658,GR,NT,M
658,HZ,NT,M
658,IG,NT,M
658,IH,NT,M
658,IP,NT,M
658,IS,NT,M
658,MU,NT,M
658,PB,NT,M
658,PC,NT,M
658,PE,NT,M
658,PO,NT,M
658,PU,NT,M
658,SS,NT,M
658,SY,NT,M
658,TO,NT,M
658,WM,NT,M
660,CR,NT,M
660,GB,NT,M
660,IG,NT,M
660,IH,NT,M
660,PB,NT,M
660,PO,NT,M
660,SS,NT,M
660,TO,NT,M
661,CE,NT,M
661,CR,NT,M
661,GB,NT,M
661,HZ,NT,M
661,IG,NT,M
661,IH,NT,M
661,PB,NT,M
661,PC,NT,M
661,PO,NT,M
661,SS,NT,M
661,TO,NT,M
662,GB,NT,M
662,IG,NT,M
662,IH,NT,M
662,PB,NT,M
662,SS,NT,M
664,GB,NT,M
664,IG,NT,M
664,IH,NT,M
664,PB,NT,M
664,SS,NT,M
666,BB,NT,M
666,BU,NT,M
666,BZ,NT,M
666,CE,NT,M
666,CO,NT,M
666,CR,NT,M
666,GB,2.0,M
666,GR,5.0,M
666,HZ,3.0,M
666,IG,2.0,M
666,IH,3.0,M
666,IP,3.0,M
666,IS,NT,M
666,MU,NT,M
666,PB,0.1,M
666,PC,3.0,M
666,PE,3.0,M
666,PO,0.1,M
666,PU,0.5,M
666,SS,1.0,M
666,SY,0.2,M
666,TO,NT,M
666,WM,1.0,M
667,GB,NT,M
667,IG,NT,M
667,IH,NT,M
667,PB,NT,M
667,SS,NT,M
668,GB,NT,M
668,IG,NT,M
668,IH,NT,M
668,PB,NT,M
668,SS,NT,M
670,GB,NT,M
670,IG,NT,M
670,IH,NT,M
670,PB,NT,M
670,SS,NT,M
675,BU,0.02,M
675,CO,0.2,M
675,GB,NT,M
675,IG,NT,M
675,IH,NT,M
675,IP,NT,M
675,MU,NT,M
675,PB,NT,M
675,SS,NT,M
675,TO,NT,M
678,CE,NT,M
678,CR,NT,M
678,GB,NT,M
678,HZ,NT,M
678,IG,NT,M
678,IH,NT,M
678,PB,NT,M
678,PC,NT,M
678,PO,NT,M
678,SS,NT,M
678,TO,NT,M
679,BB,NT,M
679,BU,0.2,M
679,BZ,NT,M
679,CE,0.03,M
679,CO,0.03,M
679,CR,0.03,M
679,GB,1.0,M
679,GR,1.0,M
679,HZ,2.0,M
679,IG,1.0,M
679,IH,2.0,M
679,IP,NT,M
679,IS,0.03,M
679,MU,NT,M
679,PB,NT,M
679,PC,2.0,M
679,PE,NT,M
679,PO,0.03,M
679,PU,2.0,M
679,SS,0.20,M
679,SY,0.25,M
679,TO,0.30,M
679,WM,0.20,M
681,GB,NT,M
681,IG,NT,M
681,IH,NT,M
681,PB,NT,M
681,SS,NT,M
682,GB,NT,M
682,IG,NT,M
682,IH,NT,M
682,PB,NT,M
682,SS,NT,M
699,CR,NT,M
699,GB,NT,M
699,GR,1.0,M
699,IG,NT,M
699,IH,1.0,M
699,PB,NT,M
699,PE,0.50,M
699,SS,NT,M
700,GB,NT,M
700,IG,NT,M
700,IH,NT,M
700,PB,NT,M
700,SS,NT,M
701,CO,0.5,M
701,CR,NT,M
701,GB,NT,M
701,IG,NT,M
701,IH,NT,M
701,PB,0.1,M
701,PO,NT,M
701,SS,NT,M
701,SY,2.0,M
701,TO,NT,M
701,WM,NT,M
702,GB,NT,M
702,IG,NT,M
702,IH,NT,M
702,PB,NT,M
702,SS,NT,M
706,BB,NT,M
706,BU,NT,M
706,BZ,NT,M
706,CR,NT,M
706,GB,0.75,M
706,IG,0.75,M
706,IH,NT,M
706,IP,NT,M
706,IS,NT,M
706,MU,NT,M
706,PB,NT,M
706,PO,NT,M
706,PU,NT,M
706,SS,NT,M
706,TO,NT,M
707,GB,NT,M
707,IG,NT,M
707,IH,NT,M
707,PB,NT,M
707,SS,NT,M
708,GB,NT,M
708,IG,NT,M
708,IH,NT,M
708,PB,NT,M
708,SS,NT,M
713,BB,NT,M
713,BU,0.01,M
713,BZ,NT,M
713,CE,NT,M
713,CO,0.05,M
713,CR,NT,M
713,GB,NT,M
713,HZ,0.05,M
713,IG,NT,M
713,IH,0.05,M
713,IP,0.05,M
713,IS,NT,M
713,MU,NT,M
713,PB,NT,M
713,PC,0.05,M
713,PO,NT,M
713,PU,0.05,M
713,SS,NT,M
713,SY,0.05,M
713,TO,NT,M
714,CR,0.5,M
714,GB,1.0,M
714,IG,1.0,M
714,IH,3.0,M
714,PB,0.05,M
714,PO,0.05,M
714,SS,0.5,M
714,TO,0.5,M
717,GB,NT,M
717,IH,NT,M
717,PB,0.02,M
717,SS,NT,M
717,SY,0.05,M
717,WM,NT,M
718,GB,NT,M
718,IH,NT,M
718,PB,NT,M
718,SS,NT,M
719,BB,NT,M
719,BU,NT,M
719,BZ,NT,M
719,CE,NT,M
719,CR,NT,M
719,GB,0.05,M
719,HZ,NT,M
719,IG,0.05,M
719,IH,NT,M
719,IP,NT,M
719,IS,0.05,M
719,MU,NT,M
719,PB,NT,M
719,PC,NT,M
719,PO,NT,M
719,PU,NT,M
719,SS,0.1,M
719,SY,0.05,M
719,TO,NT,M
719,WM,0.05,M
720,BB,0.2,M
720,BU,0.1,M
720,BZ,0.2,M
720,CE,NT,M
720,CR,NT,M
720,GB,NT,M
720,GR,0.1,M
720,HZ,0.1,M
720,IG,NT,M
720,IH,0.1,M
720,IP,0.1,M
720,IS,NT,M
720,MU,NT,M
720,PB,0.05,M
720,PC,0.1,M
720,PE,0.1,M
720,PO,NT,M
720,PU,0.1,M
720,SS,NT,M
720,SY,0.1,M
720,TO,NT,M
721,BB,NT,M
721,BU,NT,M
721,BZ,NT,M
721,CR,NT,M
721,GB,0.05,M
721,IG,0.05,M
721,IH,NT,M
721,IP,NT,M
721,IS,NT,M
721,MU,NT,M
721,PB,0.05,M
721,PO,0.05,M
721,PU,NT,M
721,SS,0.05,M
721,SY,0.05,M
721,TO,NT,M
721,WM,0.05,M
722,CE,NT,M
722,CO,NT,M
722,CR,NT,M
722,GB,NT,M
722,HZ,NT,M
722,IG,NT,M
722,IH,NT,M
722,PB,NT,M
722,PC,NT,M
722,PO,NT,M
722,SS,NT,M
722,SY,NT,M
722,TO,0.15,M
722,WM,NT,M
723,CE,NT,M
723,CR,NT,M
723,GB,NT,M
723,GR,NT,M
723,HZ,0.40,M
723,IG,NT,M
723,IH,0.40,M
723,PB,NT,M
723,PC,0.40,M
723,PE,0.50,M
723,PO,NT,M
723,SS,NT,M
723,TO,NT,M
725,CO,0.1,M
725,IG,NT,M
725,IH,NT,M
725,PB,NT,M
725,PO,0.6,M
725,SS,NT,M
725,TO,NT,M
725,WM,NT,M
726,BB,NT,M
726,BU,0.05,M
726,BZ,NT,M
726,GB,NT,M
726,IG,NT,M
726,IH,NT,M
726,IP,NT,M
726,IS,NT,M
726,MU,NT,M
726,PB,NT,M
726,PU,NT,M
726,SS,NT,M
726,TO,NT,M
728,GB,NT,M
728,IG,NT,M
728,IH,NT,M
728,PB,NT,M
728,SS,NT,M
735,GB,NT,M
735,IG,NT,M
735,IH,NT,M
735,PB,NT,M
735,SS,NT,M
736,BB,0.1,M
736,BU,0.05,M
736,BZ,0.1,M
736,CE,0.1,M
736,CO,0.1,M
736,CR,0.1,M
736,GB,0.1,M
736,GR,0.1,M
736,HZ,0.1,M
736,IG,0.1,M
736,IH,0.1,M
736,IP,0.1,M
736,IS,0.1,M
736,MU,NT,M
736,PB,NT,M
736,PC,0.1,M
736,PE,0.1,M
736,PO,0.1,M
736,PU,0.1,M
736,SS,0.1,M
736,SY,0.1,M
736,TO,0.1,M
736,WM,0.1,M
737,BB,0.05,M
737,BZ,0.05,M
737,CE,NT,M
737,CR,NT,M
737,GR,0.05,M
737,HZ,0.05,M
737,IH,0.05,M
737,IS,NT,M
737,PC,0.05,M
737,PE,0.05,M
737,PO,NT,M
737,PU,0.05,M
737,TO,NT,M
738,GB,NT,M
738,IG,NT,M
738,IH,NT,M
738,PB,NT,M
738,SS,NT,M
740,BB,NT,M
740,BZ,NT,M
740,CR,0.10,M
740,IH,NT,M
740,IS,NT,M
740,PO,NT,M
740,PU,NT,M
740,SS,0.15,M
740,TO,0.10,M
740,WM,0.15,M
745,BU,NT,M
745,CE,NT,M
745,CR,NT,M
745,GB,NT,M
745,GR,0.1,M
745,HZ,NT,M
745,IG,NT,M
745,IH,NT,M
745,IP,NT,M
745,MU,NT,M
745,PB,NT,M
745,PC,NT,M
745,PE,NT,M
745,PO,NT,M
745,SS,NT,M
745,TO,NT,M
746,BU,NT,M
746,CE,NT,M
746,CR,NT,M
746,GB,NT,M
746,GR,0.1,M
746,HZ,NT,M
746,IG,NT,M
746,IH,NT,M
746,IP,NT,M
746,MU,NT,M
746,PB,NT,M
746,PC,NT,M
746,PE,NT,M
746,PO,NT,M
746,SS,NT,M
746,TO,NT,M
749,GB,NT,M
749,IG,NT,M
749,IH,NT,M
749,PB,NT,M
749,SS,NT,M
750,GB,0.25,M
750,IG,0.25,M
750,IH,0.1,M
750,PB,NT,M
750,SS,NT,M
750,SY,0.05,M
750,WM,NT,M
752,CR,NT,M
752,IH,NT,M
752,PO,NT,M
752,SS,NT,M
752,TO,NT,M
752,WM,NT,M
758,CR,NT,M
758,IH,NT,M
758,PO,NT,M
758,SS,NT,M
758,TO,NT,M
758,WM,NT,M
763,IG,NT,M
763,IH,NT,M
768,GB,NT,M
768,IG,NT,M
768,IH,NT,M
768,PB,NT,M
768,SS,NT,M
769,BB,NT,M
769,BZ,NT,M
769,CE,NT,M
769,CR,NT,M
769,GB,NT,M
769,GR,NT,M
769,HZ,NT,M
769,IG,NT,M
769,IH,NT,M
769,IS,NT,M
769,PB,NT,M
769,PC,NT,M
769,PE,NT,M
769,PO,NT,M
769,PU,NT,M
769,SS,NT,M
769,SY,NT,M
769,TO,NT,M
772,BB,0.1,M
772,BU,0.25,M
772,BZ,0.1,M
772,CE,0.1,M
772,CR,0.1,M
772,GB,0.1,M
772,GR,0.1,M
772,HZ,0.1,M
772,IG,0.1,M
772,IH,0.1,M
772,IP,0.1,M
772,IS,0.1,M
772,MU,0.1,M
772,PB,0.2,M
772,PC,0.1,M
772,PE,0.1,M
772,PO,0.1,M
772,PU,0.1,M
772,SS,0.1,M
772,SY,0.3,M
772,TO,0.1,M
772,WM,0.1,M
773,PO,0.05,M
773,TO,NT,M
777,GB,NT,M
777,IG,NT,M
777,IH,NT,M
777,PB,0.05,M
777,SS,NT,M
777,SY,0.05,M
778,GB,NT,M
778,IG,NT,M
778,IH,NT,M
778,PB,NT,M
778,SS,NT,M
779,BB,NT,M
779,BZ,NT,M
779,CR,NT,M
779,GB,NT,M
779,IG,NT,M
779,IH,NT,M
779,IS,NT,M
779,PB,NT,M
779,PO,NT,M
779,PU,NT,M
779,SS,NT,M
779,TO,NT,M
780,BU,0.8,M
780,CR,NT,M
780,GB,NT,M
780,IG,NT,M
780,IH,NT,M
780,IP,NT,M
780,MU,NT,M
780,PB,NT,M
780,PO,NT,M
780,SS,NT,M
780,TO,NT,M
781,BB,0.05,M
781,BU,5.0,M
781,BZ,0.05,M
781,CE,6.0,M
781,CO,0.05,M
781,CR,0.20,M
781,GB,0.05,M
781,GR,1.0,M
781,HZ,0.3,M
781,IG,0.05,M
781,IH,0.3,M
781,IP,0.5,M
781,IS,0.05,M
781,MU,0.05,M
781,PB,0.01,M
781,PC,0.3,M
781,PE,0.5,M
781,PO,0.05,M
781,PU,0.3,M
781,SS,0.1,M
781,SY,0.03,M
781,TO,0.5,M
781,WM,0.1,M
783,CR,NT,M
783,GB,NT,M
783,IG,NT,M
783,IH,NT,M
783,PB,NT,M
783,PO,NT,M
783,SS,NT,M
783,TO,NT,M
786,CR,NT,M
786,IH,NT,M
786,PO,NT,M
786,SS,NT,M
786,TO,NT,M
786,WM,NT,M
787,GB,NT,M
787,IG,NT,M
787,IH,NT,M
787,PB,NT,M
787,SS,NT,M
789,GB,NT,M
789,IG,NT,M
789,IH,NT,M
789,PB,NT,M
791,IH,NT,M
791,SS,NT,M
791,WM,NT,M
793,CR,NT,M
793,GB,NT,M
793,IG,NT,M
793,IH,NT,M
793,PB,NT,M
793,PO,NT,M
793,SS,NT,M
793,TO,NT,M
793,WM,NT,M
794,GB,NT,M
794,IG,NT,M
794,IH,NT,M
794,PB,NT,M
794,SS,NT,M
797,CO,0.02,M
800,GB,NT,M
800,IG,NT,M
800,IH,NT,M
800,PB,NT,M
800,SS,NT,M
804,GB,NT,M
804,IG,NT,M
804,IH,NT,M
804,PB,NT,M
804,SS,NT,M
806,GB,NT,M
806,IG,NT,M
806,IH,NT,M
806,PB,NT,M
806,SS,NT,M
807,BB,NT,M
807,BU,0.02,M
807,BZ,NT,M
807,CO,0.05,M
807,CR,NT,M
807,GB,NT,M
807,IG,NT,M
807,IH,NT,M
807,IP,NT,M
807,IS,NT,M
807,MU,NT,M
807,PB,0.20,M
807,PO,0.05,M
807,PU,NT,M
807,SS,NT,M
807,TO,NT,M
807,WM,NT,M
808,BB,3.0,M
808,BU,2.0,M
808,BZ,3.0,M
808,CE,NT,M
808,CR,NT,M
808,GB,NT,M
808,GR,5.0,M
808,HZ,1.4,M
808,IG,NT,M
808,IH,1.4,M
808,IP,5.0,M
808,IS,NT,M
808,MU,NT,M
808,PB,0.01,M
808,PC,1.4,M
808,PE,5.0,M
808,PO,NT,M
808,PU,1.4,M
808,SS,0.5,M
808,TO,1.0,M
808,WM,0.5,M
811,CR,NT,M
811,GB,NT,M
811,IG,NT,M
811,IH,NT,M
811,PB,NT,M
811,PO,NT,M
811,SS,NT,M
811,TO,NT,M
814,CR,NT,M
814,PO,NT,M
814,TO,NT,M
816,CE,NT,M
816,HZ,NT,M
816,PC,NT,M
833,CE,NT,M
833,GB,NT,M
833,HZ,NT,M
833,IG,NT,M
833,IH,NT,M
833,PB,NT,M
833,PC,NT,M
833,SS,NT,M
836,GB,NT,M
836,IG,NT,M
836,IH,NT,M
836,PB,NT,M
836,SS,NT,M
837,CE,NT,M
837,GB,NT,M
837,HZ,NT,M
837,IG,NT,M
837,IH,NT,M
837,PB,NT,M
837,PC,NT,M
837,SS,NT,M
839,GB,NT,M
839,IG,NT,M
839,IH,NT,M
839,PB,NT,M
839,SS,NT,M
840,GB,NT,M
840,IG,NT,M
840,IH,NT,M
840,PB,NT,M
840,SS,NT,M
841,GB,NT,M
841,IG,NT,M
841,IH,NT,M
841,PB,NT,M
841,SS,NT,M
843,GB,NT,M
843,IG,NT,M
843,IH,NT,M
843,PB,NT,M
843,SS,NT,M
844,GB,NT,M
844,IG,NT,M
844,IH,NT,M
844,PB,NT,M
844,SS,NT,M
845,GB,NT,M
845,IG,NT,M
845,IH,NT,M
845,PB,NT,M
845,SS,NT,M
848,BB,0.01,M
848,BU,0.01,M
848,BZ,0.01,M
848,CE,0.01,M
848,CO,0.01,M
848,CR,0.01,M
848,GB,0.01,M
848,GR,0.01,M
848,HZ,0.01,M
848,IG,0.01,M
848,IH,0.01,M
848,IP,0.01,M
848,IS,0.01,M
848,MU,0.01,M
848,PB,0.01,M
848,PC,0.01,M
848,PE,0.01,M
848,PO,0.01,M
848,PU,0.01,M
848,SS,0.01,M
848,TO,0.01,M
848,WM,0.01,M
850,CE,NT,M
850,GB,NT,M
850,HZ,NT,M
850,IG,NT,M
850,IH,NT,M
850,PB,NT,M
850,PC,NT,M
850,SS,NT,M
855,CE,NT,M
855,GB,NT,M
855,HZ,NT,M
855,IG,NT,M
855,IH,NT,M
855,PB,NT,M
855,PC,NT,M
855,SS,NT,M
856,GB,NT,M
856,IG,NT,M
856,IH,NT,M
856,PB,NT,M
856,SS,NT,M
857,CE,NT,M
857,CR,NT,M
857,HZ,NT,M
857,PC,NT,M
857,PO,NT,M
857,TO,NT,M
858,BU,NT,M
858,CE,NT,M
858,GB,NT,M
858,HZ,NT,M
858,IG,NT,M
858,IH,NT,M
858,IP,NT,M
858,MU,NT,M
858,PB,NT,M
858,PC,NT,M
858,SS,NT,M
858,TO,NT,M
859,CE,NT,M
859,HZ,NT,M
859,PC,NT,M
860,GB,NT,M
860,IG,NT,M
860,IH,NT,M
860,PB,NT,M
860,SS,NT,M
862,GB,NT,M
862,IG,NT,M
862,IH,NT,M
862,PB,NT,M
862,SS,NT,M
867,GB,NT,M
867,IG,NT,M
867,IH,NT,M
867,PB,NT,M
867,SS,NT,M
869,GB,NT,M
869,IG,NT,M
869,IH,NT,M
869,PB,NT,M
869,SS,NT,M
872,CE,NT,M
872,CR,NT,M
872,GB,NT,M
872,HZ,NT,M
872,IG,NT,M
872,IH,NT,M
872,PB,NT,M
872,PC,NT,M
872,PO,NT,M
872,SS,NT,M
872,TO,NT,M
873,CE,NT,M
873,CR,NT,M
873,GB,NT,M
873,HZ,NT,M
873,IG,NT,M
873,IH,NT,M
873,PB,NT,M
873,PC,NT,M
873,PO,NT,M
873,SS,NT,M
873,TO,NT,M
877,BB,NT,M
877,BZ,NT,M
877,CE,6.0,M
877,CR,NT,M
877,GB,NT,M
877,GR,0.10,M
877,HZ,NT,M
877,IG,NT,M
877,IH,NT,M
877,IS,NT,M
877,PB,NT,M
877,PC,NT,M
877,PE,NT,M
877,PO,0.05,M
877,PU,NT,M
877,SS,0.05,M
877,TO,0.2,M
877,WM,0.05,M
879,GB,NT,M
879,IG,NT,M
879,IH,NT,M
879,PB,NT,M
879,SS,NT,M
886,BB,NT,M
886,BZ,NT,M
886,CE,NT,M
886,GB,NT,M
886,HZ,NT,M
886,IG,NT,M
886,IH,NT,M
886,IS,NT,M
886,PB,NT,M
886,PC,NT,M
886,PO,NT,M
886,PU,NT,M
886,SS,NT,M
886,TO,NT,M
889,GB,NT,M
889,IG,NT,M
889,IH,NT,M
889,PB,NT,M
889,SS,NT,M
890,GB,NT,M
890,IG,NT,M
890,IH,NT,M
890,PB,NT,M
890,SS,NT,M
892,GB,NT,M
892,IG,NT,M
892,IH,NT,M
892,PB,NT,M
892,SS,NT,M
900,BB,0.3,M
900,BU,2.0,M
900,BZ,0.3,M
900,CE,8.0,M
900,CR,0.2,M
900,GB,2.0,M
900,GR,NT,M
900,HZ,2.0,M
900,IG,2.0,M
900,IH,2.0,M
900,IP,2.0,M
900,IS,0.15,M
900,MU,NT,M
900,PB,NT,M
900,PC,2.0,M
900,PE,2.0,M
900,PO,0.2,M
900,PU,2.0,M
900,SS,1.0,M
900,TO,1.0,M
900,WM,1.0,M
901,BB,0.3,M
901,BU,2.0,M
901,BZ,0.3,M
901,CE,8.0,M
901,CR,0.2,M
901,GB,2.0,M
901,GR,NT,M
901,HZ,2.0,M
901,IG,2.0,M
901,IH,2.0,M
901,IP,2.0,M
901,IS,0.15,M
901,MU,NT,M
901,PB,NT,M
901,PC,2.0,M
901,PE,2.0,M
901,PO,0.2,M
901,PU,2.0,M
901,SS,1.0,M
901,TO,1.0,M
901,WM,1.0,M
902,BB,0.3,M
902,BU,2.0,M
902,BZ,0.3,M
902,CE,8.0,M
902,CR,0.2,M
902,GB,2.0,M
902,GR,NT,M
902,HZ,2.0,M
902,IG,2.0,M
902,IH,2.0,M
902,IP,2.0,M
902,IS,0.15,M
902,MU,NT,M
902,PB,NT,M
902,PC,2.0,M
902,PE,2.0,M
902,PO,0.2,M
902,PU,2.0,M
902,SS,1.0,M
902,TO,1.0,M
902,WM,1.0,M
903,BB,0.05,M
903,BU,0.3,M
903,BZ,0.05,M
903,CE,0.05,M
903,CR,0.3,M
903,GB,0.05,M
903,GR,0.05,M
903,HZ,0.05,M
903,IG,0.05,M
903,IH,0.05,M
903,IP,0.05,M
903,IS,0.05,M
903,MU,NT,M
903,PB,NT,M
903,PC,0.05,M
903,PE,0.05,M
903,PO,0.05,M
903,PU,0.05,M
903,SS,0.05,M
903,SY,NT,M
903,TO,0.05,M
903,WM,0.05,M
904,BB,0.05,M
904,BZ,0.05,M
904,CE,0.05,M
904,GB,0.05,M
904,GR,0.05,M
904,HZ,0.05,M
904,IG,0.05,M
904,IH,0.05,M
904,IS,0.05,M
904,PB,NT,M
904,PC,0.05,M
904,PE,0.05,M
904,PU,0.05,M
904,SS,0.05,M
904,SY,NT,M
904,WM,0.05,M
905,CR,0.3,M
905,GB,0.05,M
905,IG,0.05,M
905,IH,0.05,M
905,PB,NT,M
905,PO,0.05,M
905,SS,0.05,M
905,TO,0.05,M
906,BB,0.1,M
906,BU,1.25,M
906,BZ,0.1,M
906,CE,0.5,M
906,CO,0.5,M
906,CR,3.0,M
906,GB,0.2,M
906,GR,0.05,M
906,HZ,0.2,M
906,IG,0.2,M
906,IH,0.2,M
906,IP,0.1,M
906,IS,1.0,M
906,MU,0.5,M
906,PB,0.2,M
906,PC,0.2,M
906,PE,0.1,M
906,PO,1.0,M
906,PU,0.2,M
906,SS,0.1,M
906,SY,0.2,M
906,TO,0.05,M
907,BU,1.25,M
907,GB,0.2,M
907,GR,0.05,M
907,IG,0.2,M
907,IH,0.2,M
907,IP,0.1,M
907,MU,0.5,M
907,PB,0.2,M
907,PE,0.1,M
907,SS,0.1,M
907,TO,0.05,M
908,BB,0.1,M
908,BU,1.25,M
908,BZ,0.1,M
908,CE,0.5,M
908,CO,0.5,M
908,CR,3.0,M
908,HZ,0.2,M
908,IH,0.2,M
908,IP,0.1,M
908,IS,1.0,M
908,MU,0.5,M
908,PC,0.2,M
908,PO,1.0,M
908,PU,0.2,M
908,SS,0.1,M
908,TO,0.05,M
908,WM,0.1,M
909,BB,0.1,M
909,BU,1.25,M
909,BZ,0.1,M
909,CO,0.5,M
909,GB,0.2,M
909,IG,0.2,M
909,IH,0.2,M
909,IP,0.1,M
909,IS,1.0,M
909,MU,0.5,M
909,PB,0.2,M
909,PU,0.2,M
909,SS,0.1,M
909,TO,0.05,M
910,BB,0.1,M
910,BU,1.25,M
910,BZ,0.1,M
910,CE,0.5,M
910,CO,0.5,M
910,CR,3.0,M
910,GB,0.2,M
910,GR,0.05,M
910,HZ,0.2,M
910,IG,0.2,M
910,IH,0.2,M
910,IP,0.1,M
910,IS,1.0,M
910,MU,0.5,M
910,PB,0.2,M
910,PC,0.2,M
910,PE,0.1,M
910,PO,1.0,M
910,PU,0.2,M
910,SS,0.1,M
910,SY,0.2,M
910,TO,0.05,M
911,BB,0.1,M
911,BZ,0.1,M
911,CO,0.5,M
911,GB,0.2,M
911,GR,0.05,M
911,IG,0.2,M
911,IH,0.2,M
911,IS,1.0,M
911,PB,0.2,M
911,PE,0.1,M
911,PU,0.2,M
911,SS,0.1,M
911,SY,0.2,M
915,BB,1.0,M
915,BZ,1.0,M
915,IS,NT,M
915,PO,NT,M
915,PU,NT,M
915,TO,0.5,M
928,BU,NT,M
928,GB,0.05,M
928,IG,0.05,M
928,IH,NT,M
928,IP,NT,M
928,MU,NT,M
928,PB,0.1,M
928,SS,NT,M
928,TO,NT,M
930,BB,1.8,M
930,BU,1.0,M
930,BZ,1.8,M
930,CE,3.0,M
930,CO,0.05,M
930,CR,0.10,M
930,GB,0.6,M
930,GR,0.3,M
930,HZ,0.7,M
930,IG,0.6,M
930,IH,0.7,M
930,IP,0.9,M
930,IS,0.05,M
930,MU,0.05,M
930,PB,0.05,M
930,PC,0.7,M
930,PE,0.9,M
930,PO,0.05,M
930,PU,0.05,M
930,SS,0.4,M
930,SY,0.2,M
930,TO,0.3,M
930,WM,0.4,M
942,BU,NT,M
942,CR,NT,M
942,IP,NT,M
942,MU,NT,M
942,PO,NT,M
942,TO,NT,M
943,BB,NT,M
943,BZ,NT,M
943,CO,NT,M
943,CR,NT,M
943,GB,NT,M
943,IG,NT,M
943,IH,NT,M
943,IS,NT,M
943,PB,NT,M
943,PO,NT,M
943,PU,NT,M
943,SS,NT,M
943,SY,0.2,M
943,TO,NT,M
945,CR,7.0,M
945,GB,NT,M
945,IG,NT,M
945,IH,NT,M
945,PB,NT,M
945,PO,NT,M
945,SS,NT,M
945,TO,NT,M
946,GB,NT,M
946,IG,NT,M
946,IH,NT,M
946,PB,NT,M
946,SS,NT,M
947,BB,NT,M
947,BZ,NT,M
947,CE,NT,M
947,CO,NT,M
947,CR,NT,M
947,GB,NT,M
947,GR,NT,M
947,HZ,NT,M
947,IG,NT,M
947,IH,NT,M
947,IS,NT,M
947,PB,NT,M
947,PC,NT,M
947,PE,NT,M
947,PO,NT,M
947,PU,NT,M
947,SS,NT,M
947,TO,NT,M
947,WM,NT,M
948,BB,0.05,M
948,BZ,0.05,M
948,GB,0.08,M
948,GR,0.02,M
948,IG,0.08,M
948,IH,0.09,M
948,IS,0.01,M
948,PB,0.01,M
948,PE,0.02,M
948,PU,0.09,M
948,SS,0.01,M
950,BB,NT,M
950,BZ,NT,M
950,CE,NT,M
950,CR,NT,M
950,GB,NT,M
950,HZ,NT,M
950,IG,NT,M
950,IH,NT,M
950,IS,NT,M
950,PB,NT,M
950,PC,NT,M
950,PO,NT,M
950,PU,NT,M
950,SS,NT,M
950,TO,NT,M
951,BU,NT,M
951,CR,NT,M
951,GB,0.05,M
951,IG,0.05,M
951,IH,NT,M
951,IP,NT,M
951,MU,NT,M
951,PB,0.1,M
951,PO,0.2,M
951,SS,NT,M
951,SY,0.05,M
951,TO,NT,M
951,WM,NT,M
953,GB,NT,M
953,IG,NT,M
953,IH,NT,M
953,PB,NT,M
953,SS,NT,M
954,CE,NT,M
954,GB,NT,M
954,HZ,NT,M
954,IG,NT,M
954,IH,NT,M
954,PB,NT,M
954,PC,NT,M
954,SS,NT,M
954,SY,NT,M
956,CE,NT,M
956,CR,NT,M
956,GB,NT,M
956,HZ,NT,M
956,IG,NT,M
956,IH,NT,M
956,PB,NT,M
956,PC,NT,M
956,PO,NT,M
956,SS,NT,M
956,TO,NT,M
957,CO,5.0,M
957,SY,20.0,M
960,GB,NT,M
960,IG,NT,M
960,IH,NT,M
960,PB,NT,M
960,SS,NT,M
961,GB,NT,M
961,IG,NT,M
961,IH,NT,M
961,PB,NT,M
961,SS,NT,M
963,BU,NT,M
963,CR,NT,M
963,GB,NT,M
963,IG,NT,M
963,IH,NT,M
963,IP,NT,M
963,MU,NT,M
963,PB,NT,M
963,PO,NT,M
963,SS,NT,M
963,TO,NT,M
964,GB,NT,M
964,IG,NT,M
964,IH,NT,M
964,PB,NT,M
964,SS,NT,M
966,BU,NT,M
966,CR,NT,M
966,GB,0.05,M
966,IG,0.05,M
966,IH,NT,M
966,IP,NT,M
966,MU,NT,M
966,PB,0.1,M
966,PO,0.2,M
966,SS,NT,M
966,SY,0.05,M
966,TO,NT,M
966,WM,NT,M
967,BB,3.5,M
967,BU,0.10,M
967,BZ,3.5,M
967,CE,6.0,M
967,CO,0.05,M
967,CR,0.40,M
967,GB,4.0,M
967,GR,1.0,M
967,HZ,3.0,M
967,IG,4.0,M
967,IH,3.0,M
967,IP,0.6,M
967,IS,0.40,M
967,MU,NT,M
967,PB,0.45,M
967,PC,3.0,M
967,PE,0.6,M
967,PO,0.40,M
967,PU,3.0,M
967,SS,0.5,M
967,SY,3.5,M
967,TO,1.0,M
967,WM,0.5,M
A05,BB,0.01,M
A05,BU,0.01,M
A05,BZ,0.01,M
A05,CE,0.01,M
A05,CO,0.01,M
A05,CR,0.01,M
A05,GB,0.01,M
A05,HZ,NT,M
A05,IG,0.01,M
A05,IH,NT,M
A05,IP,NT,M
A05,IS,0.01,M
A05,MU,NT,M
A05,PB,0.01,M
A05,PC,NT,M
A05,PO,0.01,M
A05,PU,NT,M
A05,SS,0.01,M
A05,TO,0.01,M
A05,WM,0.01,M
A15,CO,0.01,M
A15,GB,NT,M
A15,IG,NT,M
A15,IH,NT,M
A15,PB,NT,M
A15,SS,NT,M
A15,WM,NT,M
A22,BB,NT,M
A22,BZ,NT,M
A22,CR,NT,M
A22,GB,NT,M
A22,IG,NT,M
A22,IH,NT,M
A22,IS,NT,M
A22,PB,0.01,M
A22,PO,NT,M
A22,PU,NT,M
A22,SS,NT,M
A22,SY,0.05,M
A22,TO,NT,M
A24,GB,NT,M
A24,IG,NT,M
A24,IH,NT,M
A24,PB,NT,M
A24,SS,NT,M
A30,BB,0.3,M
A30,BU,NT,M
A30,BZ,0.3,M
A30,CE,NT,M
A30,CR,NT,M
A30,GB,NT,M
A30,GR,1.0,M
A30,HZ,1.0,M
A30,IG,NT,M
A30,IH,1.0,M
A30,IP,NT,M
A30,IS,NT,M
A30,MU,NT,M
A30,PB,0.1,M
A30,PC,1.0,M
A30,PE,NT,M
A30,PO,NT,M
A30,PU,1.0,M
A30,SS,NT,M
A30,TO,NT,M
A30,WM,NT,M
A38,GB,0.01,M
A38,IG,0.01,M
A38,IH,NT,M
A38,PB,0.01,M
A38,SS,NT,M
A38,SY,0.01,M
A40,GB,NT,M
A40,IG,NT,M
A40,IH,NT,M
A40,PB,NT,M
A40,SS,NT,M
A43,CR,0.05,M
A43,GB,0.05,M
A43,IG,0.05,M
A43,IH,NT,M
A43,PB,0.05,M
A43,PO,0.05,M
A43,SS,0.05,M
A43,TO,0.05,M
A43,WM,0.05,M
A46,BU,NT,M
A46,CE,NT,M
A46,GB,NT,M
A46,HZ,NT,M
A46,IG,NT,M
A46,IH,NT,M
A46,IP,NT,M
A46,MU,NT,M
A46,PB,NT,M
A46,PC,NT,M
A46,SS,NT,M
A46,TO,NT,M
A47,BB,NT,M
A47,BZ,NT,M
A47,CE,10.0,M
A47,CR,0.1,M
A47,GB,NT,M
A47,HZ,NT,M
A47,IG,NT,M
A47,IH,NT,M
A47,IS,0.1,M
A47,PB,0.05,M
A47,PC,NT,M
A47,PO,0.1,M
A47,PU,NT,M
A47,SS,2.0,M
A47,SY,NT,M
A47,TO,2,M
A47,WM,2.0,M
A48,CE,NT,M
A48,CR,NT,M
A48,GB,NT,M
A48,HZ,NT,M
A48,IG,NT,M
A48,IH,NT,M
A48,PB,NT,M
A48,PC,NT,M
A48,PO,NT,M
A48,SS,NT,M
A48,TO,NT,M
A53,GB,NT,M
A53,IG,NT,M
A53,IH,NT,M
A53,PB,NT,M
A53,SS,NT,M
A57,GB,NT,M
A57,IG,NT,M
A57,IH,NT,M
A57,PB,NT,M
A57,SS,NT,M
A58,BB,NT,M
A58,BU,0.1,M
A58,BZ,NT,M
A58,CE,NT,M
A58,CO,0.05,M
A58,CR,NT,M
A58,GB,0.1,M
A58,GR,6,M
A58,HZ,2,M
A58,IG,0.1,M
A58,IH,2,M
A58,IP,1,M
A58,IS,NT,M
A58,MU,NT,M
A58,PB,0.1,M
A58,PC,2,M
A58,PE,1,M
A58,PO,NT,M
A58,PU,1,M
A58,SS,0.4,M
A58,SY,0.08,M
A58,TO,1.3,M
A58,WM,0.4,M
A59,BU,NT,M
A59,GB,NT,M
A59,IG,NT,M
A59,IH,NT,M
A59,IP,NT,M
A59,MU,NT,M
A59,PB,NT,M
A59,SS,NT,M
A59,TO,NT,M
A60,CR,NT,M
A60,IH,NT,M
A60,PO,NT,M
A60,SS,NT,M
A60,TO,NT,M
A60,WM,NT,M
A61,BB,2.0,M
A61,BU,NT,M
A61,BZ,2.0,M
A61,CE,NT,M
A61,CR,NT,M
A61,GB,NT,M
A61,GR,2.5,M
A61,HZ,NT,M
A61,IG,NT,M
A61,IH,NT,M
A61,IP,0.50,M
A61,IS,NT,M
A61,MU,NT,M
A61,PB,NT,M
A61,PC,NT,M
A61,PE,0.50,M
A61,PO,NT,M
A61,PU,NT,M
A61,SS,0.5,M
A61,TO,1.5,M
A61,WM,0.5,M
A72,GB,NT,M
A72,IG,NT,M
A72,IH,NT,M
A72,PB,NT,M
A72,SS,NT,M
A82,BU,1.50,M
A82,CE,NT,M
A82,CO,0.02,M
A82,CR,NT,M
A82,GB,NT,M
A82,HZ,NT,M
A82,IG,NT,M
A82,IH,NT,M
A82,IP,NT,M
A82,MU,NT,M
A82,PB,NT,M
A82,PC,NT,M
A82,PO,0.03,M
A82,SS,NT,M
A82,TO,NT,M
A84,BB,NT,M
A84,BZ,NT,M
A84,GB,NT,M
A84,IG,NT,M
A84,IH,NT,M
A84,IS,NT,M
A84,PB,NT,M
A84,PU,NT,M
A84,SS,NT,M
A88,GB,NT,M
A88,IG,NT,M
A88,IH,NT,M
A88,PB,NT,M
A88,SS,NT,M
AAK,BU,NT,M
AAK,CE,NT,M
AAK,GB,NT,M
AAK,HZ,NT,M
AAK,IG,NT,M
AAK,IH,NT,M
AAK,IP,NT,M
AAK,MU,NT,M
AAK,PB,NT,M
AAK,PC,NT,M
AAK,SS,NT,M
AAK,TO,NT,M
AAU,GB,NT,M
AAU,IH,NT,M
AAU,PB,NT,M
AAU,SS,NT,M
AAU,SY,0.05,M
AAV,GB,NT,M
AAV,IG,NT,M
AAV,IH,NT,M
AAV,PB,NT,M
AAV,SS,NT,M
AAV,SY,0.01,M
AAY,CE,NT,M
AAY,CR,NT,M
AAY,GB,NT,M
AAY,GR,0.15,M
AAY,HZ,NT,M
AAY,IG,NT,M
AAY,IH,NT,M
AAY,PB,0.20,M
AAY,PC,NT,M
AAY,PE,NT,M
AAY,PO,0.15,M
AAY,SS,NT,M
AAY,TO,0.15,M
AAY,WM,0.15,M
AAZ,GB,NT,M
AAZ,IG,NT,M
AAZ,IH,NT,M
AAZ,PB,NT,M
AAZ,SS,NT,M
ABB,CE,8,M
ABB,CO,1.5,M
ABB,CR,0.10,M
ABB,GB,0.30,M
ABB,GR,0.50,M
ABB,HZ,0.20,M
ABB,IG,0.30,M
ABB,IH,0.20,M
ABB,IP,0.20,M
ABB,MU,0.02,M
ABB,PB,0.02,M
ABB,PC,0.20,M
ABB,PE,0.20,M
ABB,PO,0.10,M
ABB,SS,0.3,M
ABB,TO,0.40,M
ABC,BB,0.90,M
ABC,BZ,0.90,M
ABC,IH,0.20,M
ABC,IS,0.10,M
ABC,PU,0.20,M
ABC,SS,0.3,M
ABC,WM,0.3,M
ABD,IH,0.20,M
ABD,SS,0.3,M
ABD,WM,0.3,M
ABF,BU,NT,M
ABF,CE,0.6,M
ABF,CR,NT,M
ABF,GB,NT,M
ABF,HZ,NT,M
ABF,IG,NT,M
ABF,IH,NT,M
ABF,IP,NT,M
ABF,MU,NT,M
ABF,PB,NT,M
ABF,PC,NT,M
ABF,PO,0.02,M
ABF,SS,0.1,M
ABF,TO,0.2,M
ABG,BB,3.0,M
ABG,BZ,3.0,M
ABG,CE,2.0,M
ABG,CR,NT,M
ABG,GB,NT,M
ABG,GR,3.0,M
ABG,HZ,NT,M
ABG,IG,NT,M
ABG,IH,NT,M
ABG,IP,1.5,M
ABG,IS,0.015,M
ABG,MU,NT,M
ABG,PB,NT,M
ABG,PC,NT,M
ABG,PE,1.5,M
ABG,PO,NT,M
ABG,PU,NT,M
ABG,SS,NT,M
ABG,TO,1.0,M
ABR,GB,NT,M
ABR,IH,NT,M
ABR,PB,NT,M
ABR,SS,NT,M
ACC,SY,0.05,M
ACD,BB,NT,M
ACD,BZ,NT,M
ACD,IS,NT,M
ACD,PU,NT,M
ACD,SY,0.1,M
ACF,CR,0.2,M
ACF,PO,0.2,M
ACF,SS,0.2,M
ACF,TO,1,M
ACF,WM,0.2,M
ACH,SS,0.50,M
ACH,WM,0.50,M
ACI,GB,NT,M
ACI,IH,NT,M
ACI,PB,NT,M
ACI,SS,NT,M
ACM,IH,NT,M
ACM,SS,NT,M
ACM,WM,NT,M
ACP,GB,NT,M
ACP,IH,NT,M
ACP,PB,NT,M
ACP,SS,NT,M
ACS,GB,NT,M
ACS,IH,NT,M
ACS,PB,NT,M
ACS,SS,NT,M
ACS,SY,0.01,M
ACT,GB,NT,M
ACT,IG,NT,M
ACT,IH,NT,M
ACT,PB,NT,M
ACT,SS,NT,M
ACV,BU,EX,M
ACV,CR,EX,M
ACV,IP,EX,M
ACV,MU,EX,M
ACV,PO,EX,M
ACV,TO,EX,M
ACZ,SY,0.40,M
ADC,BB,1.0,M
ADC,BZ,1.0,M
ADC,CE,1.0,M
ADC,CO,1.0,M
ADC,CR,1.0,M
ADC,GB,1.0,M
ADC,GR,1.0,M
ADC,HZ,1.0,M
ADC,IG,1.0,M
ADC,IH,1.0,M
ADC,IS,1.0,M
ADC,PB,1.0,M
ADC,PC,1.0,M
ADC,PE,1.0,M
ADC,PO,1.0,M
ADC,PU,1.0,M
ADC,SS,1.0,M
ADC,SY,1.0,M
ADC,TO,1.0,M
ADD,BB,NT,M
ADD,BU,NT,M
ADD,BZ,NT,M
ADD,CE,NT,M
ADD,CO,0.01,M
ADD,CR,NT,M
ADD,GB,NT,M
ADD,HZ,NT,M
ADD,IG,NT,M
ADD,IH,NT,M
ADD,IP,NT,M
ADD,IS,0.01,M
ADD,MU,NT,M
ADD,PB,0.01,M
ADD,PC,NT,M
ADD,PO,0.01,M
ADD,PU,NT,M
ADD,SS,NT,M
ADD,SY,0.01,M
ADD,TO,NT,M
ADD,WM,NT,M
ADE,BB,1.0,M
ADE,BU,7.0,M
ADE,BZ,1.0,M
ADE,CE,0.05,M
ADE,CO,0.02,M
ADE,GR,0.05,M
ADE,HZ,3.0,M
ADE,IH,3.0,M
ADE,IP,1.0,M
ADE,IS,0.05,M
ADE,MU,0.05,M
ADE,PC,3.0,M
ADE,PE,1.0,M
ADE,PU,3.0,M
ADE,SS,0.5,M
ADE,SY,0.05,M
ADE,TO,0.5,M
ADE,WM,0.5,M
ADG,BB,1.5,M
ADG,BZ,1.5,M
ADG,CE,14,M
ADG,CR,NT,M
ADG,GB,0.9,M
ADG,GR,2,M
ADG,HZ,0.90,M
ADG,IG,0.9,M
ADG,IH,0.90,M
ADG,IS,0.01,M
ADG,PB,0.01,M
ADG,PC,0.90,M
ADG,PE,0.20,M
ADG,PO,0.01,M
ADG,PU,0.90,M
ADG,SS,0.60,M
ADG,SY,0.80,M
ADG,TO,0.50,M
ADG,WM,0.60,M
ADH,BB,NT,M
ADH,BZ,NT,M
ADH,CE,NT,M
ADH,CR,NT,M
ADH,GB,NT,M
ADH,GR,NT,M
ADH,HZ,NT,M
ADH,IG,NT,M
ADH,IH,NT,M
ADH,IS,NT,M
ADH,PB,NT,M
ADH,PC,NT,M
ADH,PE,NT,M
ADH,PO,NT,M
ADH,PU,NT,M
ADH,SS,NT,M
ADH,TO,NT,M
ADH,WM,NT,M
ADI,BB,5.0,M
ADI,BU,0.60,M
ADI,BZ,5.0,M
ADI,CO,5.0,M
ADI,CR,5.0,M
ADI,GB,5.0,M
ADI,GR,5.0,M
ADI,IG,5.0,M
ADI,IH,5.0,M
ADI,IP,5.0,M
ADI,IS,5.0,M
ADI,MU,5.0,M
ADI,PB,5.0,M
ADI,PE,5.0,M
ADI,PO,5.0,M
ADI,PU,5.0,M
ADI,SS,5.0,M
ADI,TO,5.0,M
ADI,WM,5.0,M
ADJ,GR,NT,M
ADJ,PE,0.02,M
ADK,BB,NT,M
ADK,BZ,NT,M
ADK,CE,NT,M
ADK,CO,NT,M
ADK,CR,NT,M
ADK,GB,NT,M
ADK,GR,NT,M
ADK,HZ,NT,M
ADK,IG,NT,M
ADK,IH,NT,M
ADK,IS,NT,M
ADK,PB,NT,M
ADK,PC,NT,M
ADK,PE,NT,M
ADK,PO,NT,M
ADK,PU,NT,M
ADK,SS,NT,M
ADK,SY,NT,M
ADK,TO,NT,M
ADK,WM,NT,M
ADL,CR,NT,M
ADL,PO,NT,M
ADL,TO,NT,M
ADP,GB,NT,M
ADP,IH,NT,M
ADP,PB,NT,M
ADP,SS,NT,M
ADR,CE,NT,M
ADR,CO,0.01,M
ADR,CR,NT,M
ADR,GB,NT,M
ADR,HZ,NT,M
ADR,IG,NT,M
ADR,IH,NT,M
ADR,PB,NT,M
ADR,PC,NT,M
ADR,PO,NT,M
ADR,SS,NT,M
ADR,TO,NT,M
ADR,WM,NT,M
ADS,GB,NT,M
ADS,IG,NT,M
ADS,IH,NT,M
ADS,PB,NT,M
ADS,SS,NT,M
AEC,BU,0.2,M
AEC,CR,0.2,M
AEC,GB,0.2,M
AEC,GR,0.2,M
AEC,IG,0.2,M
AEC,IH,0.2,M
AEC,IP,0.2,M
AEC,MU,0.2,M
AEC,PB,0.2,M
AEC,PE,0.2,M
AEC,PO,0.2,M
AEC,SS,0.2,M
AEC,TO,0.2,M
AEC,WM,0.2,M
AEG,CR,NT,M
AEG,GB,NT,M
AEG,IH,NT,M
AEG,PB,NT,M
AEG,PO,NT,M
AEG,SS,NT,M
AEG,TO,NT,M
AEG,WM,NT,M
AEH,CE,NT,M
AEH,GB,NT,M
AEH,GR,0.05,M
AEH,HZ,NT,M
AEH,IG,NT,M
AEH,IH,NT,M
AEH,PB,NT,M
AEH,PC,NT,M
AEH,PE,0.05,M
AEH,PO,0.05,M
AEH,SS,0.5,M
AEH,TO,0.05,M
AEH,WM,0.1,M
AEK,BB,3.0,M
AEK,BU,3.0,M
AEK,BZ,3.0,M
AEK,IP,3.0,M
AEK,IS,3.0,M
AEK,MU,3.0,M
AEK,PU,3.0,M
AEK,TO,3.0,M
AEL,BB,0.01,M
AEL,BU,10.0,M
AEL,BZ,0.01,M
AEL,CE,0.01,M
AEL,CR,0.01,M
AEL,GB,0.20,M
AEL,GR,0.01,M
AEL,HZ,0.50,M
AEL,IG,0.20,M
AEL,IH,0.50,M
AEL,IP,0.30,M
AEL,IS,0.02,M
AEL,MU,0.01,M
AEL,PB,0.05,M
AEL,PC,0.50,M
AEL,PE,0.30,M
AEL,PO,0.02,M
AEL,PU,0.50,M
AEL,SS,0.05,M
AEL,TO,0.20,M
AEL,WM,0.05,M
AEM,CO,0.05,M
AEM,SY,0.01,M
AEP,BB,0.30,M
AEP,BU,0.02,M
AEP,BZ,0.30,M
AEP,CE,4.0,M
AEP,CO,0.02,M
AEP,CR,0.8,M
AEP,GB,0.02,M
AEP,GR,0.60,M
AEP,HZ,0.80,M
AEP,IG,0.02,M
AEP,IH,0.80,M
AEP,IP,1.0,M
AEP,IS,0.3,M
AEP,MU,0.02,M
AEP,PB,0.05,M
AEP,PC,0.80,M
AEP,PE,1.0,M
AEP,PO,0.3,M
AEP,PU,0.5,M
AEP,SS,0.2,M
AEP,SY,0.02,M
AEP,TO,0.25,M
AEP,WM,0.2,M
AEQ,GB,NT,M
AEQ,IH,NT,M
AEQ,PB,NT,M
AEQ,SS,NT,M
AEQ,SY,0.10,M
AER,BU,0.05,M
AER,CE,0.60,M
AER,CR,1.0,M
AER,GB,3.5,M
AER,GR,NT,M
AER,HZ,0.20,M
AER,IH,0.20,M
AER,IP,0.20,M
AER,MU,NT,M
AER,PB,3.0,M
AER,PC,0.20,M
AER,PE,0.20,M
AER,PO,1.0,M
AER,SS,0.50,M
AER,SY,10.0,M
AER,TO,1.0,M
AER,WM,2.0,M
AES,BB,3.0,M
AES,BU,0.10,M
AES,BZ,3.0,M
AES,CE,25,M
AES,CO,0.05,M
AES,CR,0.90,M
AES,GB,1.5,M
AES,GR,1.0,M
AES,HZ,3.0,M
AES,IG,2,M
AES,IH,3.0,M
AES,IP,2.0,M
AES,IS,0.02,M
AES,MU,NT,M
AES,PB,0.02,M
AES,PC,3.0,M
AES,PE,2.0,M
AES,PO,0.02,M
AES,PU,0.30,M
AES,SS,0.3,M
AES,SY,1.0,M
AES,TO,2.0,M
AES,WM,0.3,M
AEV,BB,4.0,M
AEV,BZ,4.0,M
AEV,CO,0.5,M
AEV,CR,4.0,M
AEV,GB,15,M
AEV,GR,1.0,M
AEV,IG,15,M
AEV,IH,0.2,M
AEV,IS,4.0,M
AEV,PB,25,M
AEV,PE,0.2,M
AEV,PO,4.0,M
AEV,PU,NT,M
AEV,SS,4.0,M
AEV,SY,16,M
AEV,TO,4.0,M
AEV,WM,4.0,M
AEW,BB,NT,M
AEW,BU,0.06,M
AEW,BZ,NT,M
AEW,CR,NT,M
AEW,GB,NT,M
AEW,GR,2.5,M
AEW,IG,NT,M
AEW,IH,NT,M
AEW,IP,NT,M
AEW,IS,NT,M
AEW,MU,NT,M
AEW,PB,NT,M
AEW,PE,NT,M
AEW,PO,0.02,M
AEW,PU,NT,M
AEW,SS,0.30,M
AEW,TO,1.0,M
AEW,WM,0.30,M
AFF,BB,0.07,M
AFF,BU,NT,M
AFF,BZ,0.07,M
AFF,CE,0.02,M
AFF,CR,NT,M
AFF,GB,NT,M
AFF,GR,0.02,M
AFF,HZ,0.02,M
AFF,IG,NT,M
AFF,IH,0.02,M
AFF,IP,0.02,M
AFF,IS,0.02,M
AFF,MU,NT,M
AFF,PB,0.02,M
AFF,PC,0.02,M
AFF,PE,0.02,M
AFF,PO,0.02,M
AFF,PU,0.02,M
AFF,SS,0.03,M
AFF,TO,0.02,M
AFF,WM,0.03,M
AFK,CR,NT,M
AFM,BB,NT,M
AFM,BU,0.02,M
AFM,BZ,NT,M
AFM,CO,0.01,M
AFM,CR,NT,M
AFM,GB,NT,M
AFM,GR,1.5,M
AFM,IG,NT,M
AFM,IH,1.5,M
AFM,IP,0.40,M
AFM,IS,NT,M
AFM,MU,NT,M
AFM,PB,0.09,M
AFM,PE,0.40,M
AFM,PO,NT,M
AFM,PU,1.5,M
AFM,SS,0.30,M
AFM,SY,0.35,M
AFM,TO,1.0,M
AFM,WM,0.30,M
AFN,GB,NT,M
AFN,IG,NT,M
AFN,IH,NT,M
AFN,PB,NT,M
AFN,SS,NT,M
AFO,BB,0.2,M
AFO,BU,0.05,M
AFO,BZ,0.2,M
AFO,CE,5.0,M
AFO,CO,0.01,M
AFO,CR,0.01,M
AFO,GB,0.01,M
AFO,GR,0.9,M
AFO,HZ,2.0,M
AFO,IG,0.01,M
AFO,IH,2.0,M
AFO,IP,2.0,M
AFO,IS,0.05,M
AFO,MU,0.01,M
AFO,PB,0.01,M
AFO,PC,2.0,M
AFO,PE,2.0,M
AFO,PO,0.05,M
AFO,PU,2.0,M
AFO,SS,0.5,M
AFO,SY,0.01,M
AFO,TO,0.7,M
AFO,WM,0.5,M
AFS,BB,3,M
AFS,BU,0.015,M
AFS,BZ,3,M
AFS,CE,4,M
AFS,CO,0.02,M
AFS,CR,NT,M
AFS,GB,0.40,M
AFS,GR,1.0,M
AFS,HZ,2.0,M
AFS,IG,0.40,M
AFS,IH,2.0,M
AFS,IP,0.30,M
AFS,IS,0.10,M
AFS,MU,NT,M
AFS,PB,0.04,M
AFS,PC,2.0,M
AFS,PE,0.30,M
AFS,PO,0.10,M
AFS,PU,2.0,M
AFS,SS,0.4,M
AFS,SY,NT,M
AFS,TO,0.20,M
AFU,BB,NT,M
AFU,BZ,NT,M
AFU,CR,NT,M
AFU,IH,NT,M
AFU,IS,0.3,M
AFU,PO,0.3,M
AFU,PU,NT,M
AFU,SS,1.5,M
AFU,TO,4,M
AFU,WM,1.5,M
AFW,BU,0.25,M
AFW,IP,NT,M
AFW,MU,NT,M
AFW,TO,0.45,M
AFX,BB,7.0,M
AFX,BU,20,M
AFX,BZ,7.0,M
AFX,CE,0.01,M
AFX,CO,0.01,M
AFX,CR,0.05,M
AFX,GB,0.7,M
AFX,GR,0.01,M
AFX,HZ,1.9,M
AFX,IG,0.7,M
AFX,IH,1.9,M
AFX,IP,3.0,M
AFX,IS,0.05,M
AFX,MU,0.01,M
AFX,PB,0.01,M
AFX,PC,1.9,M
AFX,PE,3.0,M
AFX,PO,0.05,M
AFX,PU,1.9,M
AFX,SS,0.20,M
AFX,SY,0.07,M
AFX,TO,2,M
AFZ,GB,NT,M
AFZ,IG,NT,M
AFZ,IH,NT,M
AFZ,PB,NT,M
AFZ,PO,2.0,M
AFZ,SS,NT,M
AFZ,TO,NT,M
AGA,BU,NT,M
AGA,CR,0.09,M
AGA,GB,0.5,M
AGA,GR,1.5,M
AGA,IG,0.5,M
AGA,IH,NT,M
AGA,IP,NT,M
AGA,MU,NT,M
AGA,PB,NT,M
AGA,PE,NT,M
AGA,PO,0.02,M
AGA,SS,0.10,M
AGA,TO,0.9,M
AGA,WM,0.10,M
AGB,BB,NT,M
AGB,BZ,NT,M
AGB,CR,NT,M
AGB,GB,NT,M
AGB,GR,NT,M
AGB,IG,NT,M
AGB,IH,0.01,M
AGB,IS,0.02,M
AGB,PB,0.01,M
AGB,PE,0.01,M
AGB,PO,0.02,M
AGB,PU,0.01,M
AGB,SS,NT,M
AGB,TO,NT,M
AGE,CR,NT,M
AGE,GB,NT,M
AGE,GR,2.0,M
AGE,IG,NT,M
AGE,IH,NT,M
AGE,PB,NT,M
AGE,PE,NT,M
AGE,PO,NT,M
AGE,SS,NT,M
AGE,TO,1.0,M
AGE,WM,NT,M
AGF,GB,NT,M
AGF,GR,1.5,M
AGF,IG,NT,M
AGF,IH,NT,M
AGF,PB,NT,M
AGF,PE,NT,M
AGF,PO,NT,M
AGF,SS,NT,M
AGF,TO,0.5,M
AGG,BB,1.5,M
AGG,BU,0.05,M
AGG,BZ,1.5,M
AGG,CE,4.0,M
AGG,CR,0.60,M
AGG,GB,4.0,M
AGG,GR,3,M
AGG,HZ,0.60,M
AGG,IG,4.0,M
AGG,IH,0.60,M
AGG,IP,0.20,M
AGG,IS,0.20,M
AGG,MU,NT,M
AGG,PB,NT,M
AGG,PC,0.60,M
AGG,PE,0.20,M
AGG,PO,0.20,M
AGG,PU,0.60,M
AGG,SS,1.5,M
AGG,SY,NT,M
AGG,TO,0.4,M
AGG,WM,1.5,M
AGH,BB,NT,M
AGH,BU,0.003,M
AGH,BZ,NT,M
AGH,CE,0.1,M
AGH,GR,NT,M
AGH,HZ,NT,M
AGH,IS,NT,M
AGH,MU,NT,M
AGH,PC,NT,M
AGH,PE,0.02,M
AGH,PU,NT,M
AGH,TO,0.02,M
AGJ,BU,0.75,M
AGJ,CE,4.0,M
AGJ,CR,NT,M
AGJ,GB,NT,M
AGJ,HZ,NT,M
AGJ,IG,NT,M
AGJ,IH,NT,M
AGJ,IP,NT,M
AGJ,MU,NT,M
AGJ,PB,0.02,M
AGJ,PC,NT,M
AGJ,PO,0.010,M
AGJ,SS,0.50,M
AGJ,SY,0.05,M
AGJ,TO,1.0,M
AGJ,WM,1.5,M
AGK,CO,0.05,M
AGK,GB,NT,M
AGK,IG,NT,M
AGK,IH,NT,M
AGK,PB,NT,M
AGK,SS,NT,M
AGK,SY,0.80,M
AGL,CR,NT,M
AGL,GB,NT,M
AGL,IG,NT,M
AGL,IH,NT,M
AGL,PB,NT,M
AGL,PO,NT,M
AGL,SS,NT,M
AGL,TO,NT,M
AGL,WM,NT,M
AGM,CR,NT,M
AGM,GB,NT,M
AGM,IG,NT,M
AGM,IH,NT,M
AGM,PB,NT,M
AGM,PO,NT,M
AGM,SS,NT,M
AGM,TO,NT,M
AGM,WM,NT,M
AGP,CR,NT,M
AGP,GB,NT,M
AGP,GR,0.25,M
AGP,IG,NT,M
AGP,IH,NT,M
AGP,PB,NT,M
AGP,PE,NT,M
AGP,PO,NT,M
AGP,SS,NT,M
AGP,TO,0.45,M
AGT,BB,2.0,M
AGT,BZ,2.0,M
AGT,CE,6.0,M
AGT,CO,0.02,M
AGT,CR,NT,M
AGT,GB,0.80,M
AGT,HZ,NT,M
AGT,IG,0.80,M
AGT,IH,NT,M
AGT,IS,0.02,M
AGT,PB,NT,M
AGT,PC,NT,M
AGT,PO,0.02,M
AGT,PU,NT,M
AGT,SS,0.10,M
AGT,SY,0.02,M
AGT,TO,0.45,M
AGT,WM,0.10,M
AGU,CR,NT,M
AGU,PO,0.02,M
AGU,TO,0.45,M
AGW,BB,2.5,M
AGW,BU,0.1,M
AGW,BZ,2.5,M
AGW,CE,13,M
AGW,CO,0.04,M
AGW,CR,0.30,M
AGW,GB,2.0,M
AGW,GR,2.5,M
AGW,HZ,4.0,M
AGW,IG,2.0,M
AGW,IH,4.0,M
AGW,IP,1.2,M
AGW,IS,0.30,M
AGW,MU,NT,M
AGW,PB,0.06,M
AGW,PC,4.0,M
AGW,PE,1.2,M
AGW,PO,0.30,M
AGW,PU,4.0,M
AGW,SS,0.5,M
AGW,SY,2.0,M
AGW,TO,1.4,M
AGW,WM,0.5,M
AGX,BB,NT,M
AGX,BU,NT,M
AGX,BZ,NT,M
AGX,CE,20,M
AGX,CR,NT,M
AGX,GB,0.90,M
AGX,GR,1.4,M
AGX,HZ,NT,M
AGX,IG,0.90,M
AGX,IH,NT,M
AGX,IP,NT,M
AGX,IS,0.09,M
AGX,MU,NT,M
AGX,PB,NT,M
AGX,PC,NT,M
AGX,PE,NT,M
AGX,PO,0.09,M
AGX,PU,NT,M
AGX,SS,0.6,M
AGX,TO,1.0,M
AGX,WM,0.6,M
AGY,BB,0.90,M
AGY,BZ,0.90,M
AGY,CE,8,M
AGY,CR,0.10,M
AGY,GB,0.30,M
AGY,GR,0.50,M
AGY,HZ,0.30,M
AGY,IG,0.30,M
AGY,IH,0.30,M
AGY,IP,0.20,M
AGY,IS,0.10,M
AGY,MU,NT,M
AGY,PB,0.04,M
AGY,PC,0.30,M
AGY,PE,0.20,M
AGY,PO,0.10,M
AGY,PU,0.30,M
AGY,SS,0.30,M
AGY,TO,0.40,M
AHA,GB,NT,M
AHA,IG,NT,M
AHA,IH,NT,M
AHA,PB,NT,M
AHA,SS,NT,M
AHF,CR,0.40,M
AHF,GB,4.0,M
AHF,GR,1.0,M
AHF,IG,4.0,M
AHF,IH,3.0,M
AHF,PB,0.45,M
AHF,PE,0.6,M
AHF,PO,0.40,M
AHF,SS,0.5,M
AHF,TO,1.0,M
AHG,BB,NT,M
AHG,BZ,NT,M
AHG,GB,NT,M
AHG,GR,0.70,M
AHG,IG,NT,M
AHG,IH,NT,M
AHG,IP,0.50,M
AHG,IS,NT,M
AHG,MU,NT,M
AHG,PB,NT,M
AHG,PE,0.50,M
AHG,PU,NT,M
AHG,SS,NT,M
AHG,TO,NT,M
AHH,GB,NT,M
AHH,IG,NT,M
AHH,IH,NT,M
AHH,PB,NT,M
AHH,SS,NT,M
AHJ,SS,0.30,M
AHJ,SY,0.15,M
AHJ,WM,0.30,M
AHL,GB,NT,M
AHL,IH,NT,M
AHL,PB,NT,M
AHL,SS,NT,M
AHL,SY,6.0,M
AHM,BB,3.0,M
AHM,BU,0.01,M
AHM,BZ,3.0,M
AHM,CE,9.0,M
AHM,CR,0.15,M
AHM,GB,2.5,M
AHM,GR,1.3,M
AHM,HZ,4.5,M
AHM,IG,2.5,M
AHM,IH,4.5,M
AHM,IP,0.70,M
AHM,IS,0.60,M
AHM,MU,NT,M
AHM,PB,NT,M
AHM,PC,4.5,M
AHM,PE,0.70,M
AHM,PO,0.60,M
AHM,PU,4.5,M
AHM,SS,0.30,M
AHM,SY,5.0,M
AHM,TO,2.5,M
AHM,WM,0.30,M
AHN,BB,NT,M
AHN,BU,NT,M
AHN,BZ,NT,M
AHN,CR,NT,M
AHN,IH,NT,M
AHN,IP,NT,M
AHN,IS,NT,M
AHN,MU,NT,M
AHN,PO,NT,M
AHN,PU,NT,M
AHN,SS,NT,M
AHN,TO,NT,M
AHN,WM,NT,M
AHS,BB,1.5,M
AHS,BU,1.0,M
AHS,BZ,1.5,M
AHS,CO,0.03,M
AHS,CR,NT,M
AHS,GB,0.50,M
AHS,GR,1.4,M
AHS,IG,0.50,M
AHS,IH,1.6,M
AHS,IP,1.5,M
AHS,IS,NT,M
AHS,MU,NT,M
AHS,PB,0.02,M
AHS,PE,1.5,M
AHS,PO,NT,M
AHS,PU,1.6,M
AHS,SS,0.20,M
AHS,SY,0.25,M
AHS,TO,0.60,M
AHS,WM,0.20,M
AHT,BB,NT,M
AHT,BU,NT,M
AHT,BZ,NT,M
AHT,CE,25,M
AHT,CR,0.15,M
AHT,GB,0.90,M
AHT,GR,2.0,M
AHT,HZ,NT,M
AHT,IG,0.90,M
AHT,IH,NT,M
AHT,IP,NT,M
AHT,IS,0.09,M
AHT,MU,NT,M
AHT,PB,0.03 IN,M
AHT,PC,NT,M
AHT,PE,NT,M
AHT,PO,0.09,M
AHT,PU,NT,M
AHT,SS,0.50,M
AHT,TO,1.6,M
AHT,WM,0.50,M
AHU,CR,NT,M
AHU,GB,NT,M
AHU,IG,NT,M
AHU,IH,NT,M
AHU,PB,NT,M
AHU,SS,NT,M
AHU,WM,NT,M
AHV,CR,NT,M
AHV,PO,NT,M
AHV,TO,NT,M
AHW,CR,NT,M
AHW,PO,NT,M
AHW,TO,NT,M
AHX,CO,0.02,M
AHX,CR,NT,M
AHX,GB,NT,M
AHX,IG,NT,M
AHX,IH,0.2,M
AHX,PB,0.04,M
AHX,PO,0.04,M
AHX,SS,NT,M
AHX,SY,0.05,M
AHX,TO,NT,M
AHY,CR,NT,M
AHY,GB,0.01,M
AHY,IG,0.01,M
AHY,IH,NT,M
AHY,PB,0.01,M
AHY,PO,NT,M
AHY,SS,NT,M
AHY,SY,0.01,M
AHY,TO,NT,M
AHY,WM,NT,M
AHZ,BB,NT,M
AHZ,BZ,NT,M
AHZ,CE,NT,M
AHZ,CO,0.03,M
AHZ,GB,0.03,M
AHZ,GR,0.03,M
AHZ,HZ,0.03,M
AHZ,IH,0.03,M
AHZ,IP,0.03,M
AHZ,IS,NT,M
AHZ,MU,NT,M
AHZ,PB,NT,M
AHZ,PC,0.03,M
AHZ,PE,0.03,M
AHZ,PU,0.03,M
AHZ,SS,NT,M
AHZ,SY,0.10,M
AHZ,TO,NT,M
AHZ,WM,NT,M
AJA,CO,0.01,M
AJA,GR,NT,M
AJA,IH,0.01,M
AJA,PE,0.01,M
AJA,PO,NT,M
AJA,SS,NT,M
AJA,TO,NT,M
AJA,WM,NT,M
AJF,CE,NT,M
AJF,GR,0.01,M
AJF,HZ,0.01,M
AJF,IH,0.01,M
AJF,PC,0.01,M
AJF,PE,0.01,M
AJF,SS,NT,M
AJF,WM,NT,M
AJG,BB,NT,M
AJG,BZ,NT,M
AJG,GB,NT,M
AJG,IH,NT,M
AJG,IS,NT,M
AJG,PB,NT,M
AJG,PU,NT,M
AJG,SS,NT,M
AJG,WM,NT,M
AJH,GB,NT,M
AJH,IH,NT,M
AJH,PB,NT,M
AJH,SS,NT,M
AJJ,CR,NT,M
AJJ,GB,NT,M
AJJ,IG,NT,M
AJJ,IH,NT,M
AJJ,PB,NT,M
AJJ,PO,NT,M
AJJ,SS,NT,M
AJJ,TO,0.01,M
AJK,GB,NT,M
AJK,IG,NT,M
AJK,IH,NT,M
AJK,PB,NT,M
AJK,SS,0.02,M
AJM,CR,1.0,M
AJM,PO,1.0,M
AJM,TO,1.0,M
AJN,CR,1.0,M
AJN,PO,1.0,M
AJN,TO,1.0,M
AJO,CR,1.0,M
AJO,PO,1.0,M
AJO,TO,1.0,M
AJP,BB,0.01,M
AJP,BZ,0.01,M
AJP,GB,NT,M
AJP,GR,0.01,M
AJP,IG,NT,M
AJP,IH,0.01,M
AJP,IP,0.01,M
AJP,IS,NT,M
AJP,MU,NT,M
AJP,PB,NT,M
AJP,PE,0.01,M
AJP,PU,0.01,M
AJP,SS,NT,M
AJP,TO,NT,M
AJP,WM,NT,M
AJU,GB,NT,M
AJU,IG,NT,M
AJU,IH,NT,M
AJU,PB,NT,M
AJU,SS,NT,M
AJV,CR,NT,M
AJV,PO,NT,M
AJV,TO,NT,M
AJW,CR,NT,M
AJW,GB,NT,M
AJW,GR,5,M
AJW,IG,NT,M
AJW,IH,0.04,M
AJW,PB,NT,M
AJW,PE,0.04,M
AJW,SS,NT,M
AJW,TO,0.60,M
AJW,WM,1,M
AJX,CE,NT,M
AJX,CR,NT,M
AJX,GB,NT,M
AJX,HZ,NT,M
AJX,IG,NT,M
AJX,IH,NT,M
AJX,PB,NT,M
AJX,PC,NT,M
AJX,PO,NT,M
AJX,SS,NT,M
AJX,TO,NT,M
AJY,BB,NT,M
AJY,BZ,NT,M
AJY,CE,NT,M
AJY,CR,NT,M
AJY,GB,NT,M
AJY,GR,1.0,M
AJY,HZ,NT,M
AJY,IG,NT,M
AJY,IH,NT,M
AJY,IS,NT,M
AJY,PB,NT,M
AJY,PC,NT,M
AJY,PE,NT,M
AJY,PO,NT,M
AJY,PU,NT,M
AJY,SS,NT,M
AJY,TO,1.2,M
AJY,WM,NT,M
AJZ,CE,NT,M
AJZ,CR,NT,M
AJZ,GB,NT,M
AJZ,HZ,NT,M
AJZ,IG,NT,M
AJZ,IH,NT,M
AJZ,PB,NT,M
AJZ,PC,NT,M
AJZ,PO,NT,M
AJZ,SS,NT,M
AJZ,TO,NT,M
AKA,CR,NT,M
AKA,GB,NT,M
AKA,GR,0.7,M
AKA,IG,NT,M
AKA,IH,NT,M
AKA,PB,NT,M
AKA,PE,NT,M
AKA,PO,NT,M
AKA,SS,NT,M
AKA,SY,0.05,M
AKA,TO,1.5,M
AKA,WM,0.30,M
AKC,BU,NT,M
AKC,CE,40.0,M
AKC,CR,NT,M
AKC,GB,NT,M
AKC,GR,4.0,M
AKC,HZ,NT,M
AKC,IG,NT,M
AKC,IH,NT,M
AKC,IP,NT,M
AKC,MU,NT,M
AKC,PB,NT,M
AKC,PC,NT,M
AKC,PE,NT,M
AKC,PO,0.05,M
AKC,SS,3.0,M
AKC,TO,1.5,M
AKC,WM,3.0,M
AKD,BU,0.02,M
AKD,CE,30,M
AKD,CO,0.01,M
AKD,CR,3.0,M
AKD,GB,4.0,M
AKD,GR,NT,M
AKD,HZ,4,M
AKD,IG,4.0,M
AKD,IH,4,M
AKD,IP,0.50,M
AKD,MU,NT,M
AKD,PB,0.04,M
AKD,PC,4,M
AKD,PE,0.50,M
AKD,PO,0.06,M
AKD,SS,0.60,M
AKD,SY,0.40,M
AKD,TO,3.0,M
AKD,WM,0.60,M
AKG,BB,7.0,M
AKG,BU,0.15,M
AKG,BZ,7.0,M
AKG,CE,20,M
AKG,CO,0.02,M
AKG,CR,0.30,M
AKG,GB,4.0,M
AKG,GR,2.0,M
AKG,HZ,1.0,M
AKG,IG,4.0,M
AKG,IH,1.0,M
AKG,IP,0.80,M
AKG,IS,0.10,M
AKG,MU,NT,M
AKG,PB,0.20,M
AKG,PC,1.0,M
AKG,PE,0.80,M
AKG,PO,0.10,M
AKG,PU,0.50,M
AKG,SS,0.60,M
AKG,SY,0.30,M
AKG,TO,1.0,M
AKG,WM,1.0,M
AKL,CR,NT,M
AKL,GB,NT,M
AKL,IG,NT,M
AKL,IH,NT,M
AKL,PB,NT,M
AKL,PO,NT,M
AKL,SS,NT,M
AKL,TO,NT,M
AKN,CR,NT,M
AKN,PO,NT,M
AKN,TO,NT,M
AKO,CR,NT,M
AKO,PO,NT,M
AKO,TO,NT,M
AKP,CR,NT,M
AKP,GB,NT,M
AKP,IG,NT,M
AKP,IH,NT,M
AKP,PB,NT,M
AKP,PO,NT,M
AKP,SS,NT,M
AKP,TO,NT,M
AKQ,CR,NT,M
AKQ,PO,NT,M
AKQ,TO,NT,M
AKR,CR,NT,M
AKR,PO,NT,M
AKR,TO,NT,M
AKS,CR,NT,M
AKU,CE,NT,M
AKU,CR,NT,M
AKU,GB,NT,M
AKU,GR,0.15,M
AKU,HZ,NT,M
AKU,IG,NT,M
AKU,IH,NT,M
AKU,IP,0.06,M
AKU,MU,NT,M
AKU,PB,NT,M
AKU,PC,NT,M
AKU,PE,0.06,M
AKU,PO,NT,M
AKU,SS,0.10,M
AKU,TO,0.20,M
AKU,WM,0.10,M
AKW,BU,0.15,M
AKW,CO,0.01,M
AKW,CR,0.90,M
AKW,GB,2.0,M
AKW,GR,2.0,M
AKW,IG,2.0,M
AKW,IH,3.0,M
AKW,IP,0.8,M
AKW,MU,NT,M
AKW,PB,0.01,M
AKW,PE,0.8,M
AKW,PO,0.02,M
AKW,SS,0.50,M
AKW,SY,0.15,M
AKW,TO,0.7,M
AKW,WM,0.50,M
AKX,GB,NT,M
AKX,IG,NT,M
AKX,IH,NT,M
AKX,PB,0.01,M
AKX,PO,NT,M
AKX,SS,NT,M
AKX,TO,0.50,M
AKX,WM,0.30,M
AKZ,GB,0.01,M
AKZ,IG,0.01,M
AKZ,IH,NT,M
AKZ,PB,NT,M
AKZ,PO,0.01,M
AKZ,SS,NT,M
AKZ,SY,0.01,M
AKZ,TO,NT,M
AKZ,WM,NT,M
ALA,BU,0.01,M
ALA,CO,0.04,M
ALA,CR,0.50,M
ALA,GB,2.0,M
ALA,IG,2.0,M
ALA,IH,NT,M
ALA,IP,NT,M
ALA,MU,NT,M
ALA,PB,0.05,M
ALA,PO,0.03,M
ALA,SS,0.30,M
ALA,SY,0.05,M
ALA,TO,0.70,M
ALA,WM,0.30,M
ALB,CR,NT,M
ALB,GB,0.01,M
ALB,IG,0.01,M
ALB,IH,NT,M
ALB,PB,0.01,M
ALB,PO,0.02,M
ALB,SS,NT,M
ALB,SY,0.01,M
ALB,TO,NT,M
ALC,GB,NT,M
ALC,IG,NT,M
ALC,IH,NT,M
ALC,PB,NT,M
ALC,SS,NT,M
ALE,GB,NT,M
ALE,IG,NT,M
ALE,IH,NT,M
ALE,PB,NT,M
ALE,SS,NT,M
ALH,CR,0.3,M
ALH,PO,0.05,M
ALH,TO,0.05,M
ALK,GB,NT,M
ALK,IG,NT,M
ALK,IH,NT,M
ALK,PB,NT,M
ALK,SS,NT,M
ALP,GB,NT,M
ALP,IH,NT,M
ALP,PB,NT,M
ALP,SS,NT,M
ALP,SY,0.02,M
ALR,GB,NT,M
ALR,IG,NT,M
ALR,IH,NT,M
ALR,PB,NT,M
ALR,SS,NT,M
ALS,BU,0.3,M
ALS,CO,0.015,M
ALS,CR,0.05,M
ALS,GB,4.0,M
ALS,GR,2.0,M
ALS,IG,4.0,M
ALS,IH,3,M
ALS,IP,0.50,M
ALS,MU,NT,M
ALS,PB,NT,M
ALS,PE,0.50,M
ALS,PO,0.05,M
ALS,SS,0.40,M
ALS,SY,0.20,M
ALS,TO,0.70,M
ALS,WM,0.40,M
ALT,CR,NT,M
ALT,GB,NT,M
ALT,IG,NT,M
ALT,IH,NT,M
ALT,PB,NT,M
ALT,PO,NT,M
ALT,SS,NT,M
ALT,TO,NT,M
ALT,WM,NT,M
ALU,GB,NT,M
ALU,IG,NT,M
ALU,IH,NT,M
ALU,PB,0.020,M
ALU,SS,NT,M
ALV,GB,0.80,M
ALV,IH,NT,M
ALV,PB,NT,M
ALV,SS,0.10,M
ALX,IH,NT,M
ALX,SS,0.025,M
AMB,BU,0.20,M
AMB,CO,0.01,M
AMB,CR,0.40,M
AMB,GB,2.0,M
AMB,GR,NT,M
AMB,IG,2.0,M
AMB,IH,1.5,M
AMB,IP,1.5,M
AMB,MU,NT,M
AMB,PB,0.01,M
AMB,PE,1.5,M
AMB,PO,0.15,M
AMB,SS,0.70,M
AMB,TO,2.0,M
AMB,WM,0.70,M
AMC,CR,NT,M
AMC,GB,NT,M
AMC,GR,0.60,M
AMC,IH,0.4,M
AMC,IP,0.30,M
AMC,MU,NT,M
AMC,PB,NT,M
AMC,PE,0.30,M
AMC,PO,NT,M
AMC,SS,NT,M
AMC,TO,0.7,M
AMD,GB,NT,M
AMD,IH,NT,M
AMD,PB,NT,M
AMD,SS,NT,M
AMD,TO,NT,M
AMD,WM,NT,M
AME,GB,NT,M
AME,IG,NT,M
AME,IH,NT,M
AME,PB,NT,M
AME,SS,NT,M
AMF,GB,NT,M
AMF,PB,NT,M
AMF,SS,NT,M
AMG,GB,NT,M
AMG,GR,3,M
AMG,IG,NT,M
AMG,IH,NT,M
AMG,PB,NT,M
AMG,PE,NT,M
AMG,SS,NT,M
AMG,WM,NT,M
AMK,CR,NT,M
AMK,GB,NT,M
AMK,IH,NT,M
AMK,PB,NT,M
AMK,PO,0.02,M
AMK,SS,NT,M
AMK,TO,0.02,M
AMM,GB,NT,M
AMM,GR,0.50,M
AMM,IG,NT,M
AMM,IH,NT,M
AMM,PB,NT,M
AMM,PE,NT,M
AMM,SS,NT,M
AMN,GR,0.40,M
AMN,IG,NT,M
AMN,IH,NT,M
AMN,PE,NT,M
AMN,TO,0.50,M
AMO,CR,NT,M
AMO,GB,NT,M
AMO,IG,NT,M
AMO,IH,NT,M
AMO,PB,0.30,M
AMO,SS,NT,M
AMO,SY,0.06,M
AMO,TO,NT,M
AMP,IH,NT,M
AMP,SS,NT,M
AMP,WM,NT,M
AMR,CE,NT,M
AMR,HZ,NT,M
AMR,PC,NT,M
AMS,CE,NT,M
AMS,GB,NT,M
AMS,GR,0.01,M
AMS,HZ,0.01,M
AMS,IH,0.01,M
AMS,PB,NT,M
AMS,PC,0.01,M
AMS,PE,0.01,M
AMS,SS,NT,M
AMV,CO,0.04,M
AMV,IH,0.30,M
AMV,SS,0.30,M
AMV,WM,0.30,M
AMW,IH,0.30,M
AMW,SS,0.30,M
AMW,WM,0.30,M
AMX,GB,NT,M
AMX,IG,NT,M
AMX,IH,NT,M
AMX,PB,NT,M
AMX,SS,NT,M
AMY,GB,NT,M
AMY,IG,NT,M
AMY,IH,NT,M
AMY,PB,NT,M
AMY,SS,NT,M
AMZ,GB,NT,M
AMZ,IG,NT,M
AMZ,IH,NT,M
AMZ,PB,NT,M
AMZ,SS,NT,M
ANA,GB,NT,M
ANA,IG,NT,M
ANA,IH,NT,M
ANA,PB,NT,M
ANA,SS,NT,M
ANC,CR,NT,M
ANC,GB,NT,M
ANC,GR,2.0,M
ANC,IG,NT,M
ANC,IH,2.0,M
ANC,PB,NT,M
ANC,PE,1.0,M
ANC,PO,0.01,M
ANC,SS,0.70,M
ANC,TO,1.5,M
ANC,WM,0.70,M
AND,CE,NT,M
AND,GB,NT,M
AND,HZ,NT,M
AND,IG,NT,M
AND,IH,NT,M
AND,PB,NT,M
AND,PC,NT,M
AND,SS,1.5,M
ANE,BU,0.15,M
ANE,CO,0.05,M
ANE,CR,0.90,M
ANE,GB,3.0,M
ANE,GR,3.0,M
ANE,IG,3.0,M
ANE,IH,1.5,M
ANE,IP,0.70,M
ANE,MU,NT,M
ANE,PB,0.04,M
ANE,PE,0.70,M
ANE,PO,0.05,M
ANE,SS,0.40,M
ANE,SY,1.5,M
ANE,TO,1.5,M
ANE,WM,0.40,M
ANF,BU,NT,M
ANF,CE,NT,M
ANF,CR,NT,M
ANF,GB,NT,M
ANF,GR,4.5,M
ANF,HZ,0.70,M
ANF,IG,NT,M
ANF,IH,0.70,M
ANF,IP,1.5,M
ANF,MU,0.50,M
ANF,PB,NT,M
ANF,PC,0.70,M
ANF,PE,1.5,M
ANF,PO,NT,M
ANF,SS,0.50,M
ANF,TO,0.90,M
ANF,WM,0.50,M
ANG,GB,NT,M
ANG,IH,NT,M
ANG,PB,NT,M
ANG,SS,NT,M
ANH,GB,0.6,M
ANH,GR,3.0,M
ANH,IG,0.6,M
ANH,IH,3.0,M
ANH,IP,0.60,M
ANH,MU,NT,M
ANH,PB,NT,M
ANH,PE,0.60,M
ANH,SS,NT,M
ANH,TO,NT,M
ANH,WM,NT,M
ANJ,CE,NT,M
ANJ,HZ,NT,M
ANJ,PC,NT,M
ANK,CR,4,M
ANK,GR,0.8,M
ANK,IG,NT,M
ANK,IH,0.15,M
ANK,PE,0.4,M
ANK,PO,0.8,M
ANK,SS,0.7,M
ANK,TO,0.7,M
ANK,WM,0.7,M
ANO,IG,NT,M
ANO,IH,NT,M
ANQ,PO,NT,M
ANQ,TO,0.20,M
ANR,GB,NT,M
ANR,IH,NT,M
ANR,PB,NT,M
ANR,SS,NT,M
AOD,GB,NT,M
AOD,IH,NT,M
AOD,PB,NT,M
AOD,SS,NT,M
AOE,GB,NT,M
AOE,IG,NT,M
AOE,IH,NT,M
AOE,PB,NT,M
AOE,SS,NT,M
AOF,GB,NT,M
AOF,IH,NT,M
AOF,PB,NT,M
AOF,SS,NT,M
AOH,GB,0.25,M
AOH,IH,NT,M
AOH,PB,NT,M
AOH,SS,0.30,M
AOK,GB,4.0,M
AOK,IG,4.0,M
AOK,IH,3.0,M
AOK,PB,0.45,M
AOK,SS,0.5,M
AOL,SY,0.2,M
B07,CR,NT,M
B07,GR,NT,M
B07,PE,NT,M
B07,PO,NT,M
B07,TO,0.24,M
B09,GB,NT,M
B09,IG,NT,M
B09,IH,NT,M
B09,PB,NT,M
B09,PO,NT,M
B09,SS,NT,M
B09,TO,0.02,M
B10,BB,6,M
B10,BU,0.05,M
B10,BZ,6,M
B10,CE,NT,M
B10,CO,0.02,M
B10,CR,NT,M
B10,GB,0.3,M
B10,GR,1,M
B10,HZ,1.0,M
B10,IG,0.3,M
B10,IH,1.0,M
B10,IP,0.4,M
B10,IS,NT,M
B10,MU,NT,M
B10,PB,NT,M
B10,PC,1.0,M
B10,PE,0.4,M
B10,PO,0.02,M
B10,PU,1.0,M
B10,SS,NT,M
B10,SY,NT,M
B10,TO,0.50,M
B10,WM,NT,M
B12,BB,NT,M
B12,BZ,NT,M
B12,GB,NT,M
B12,IG,NT,M
B12,IH,NT,M
B12,IS,NT,M
B12,PB,NT,M
B12,PU,NT,M
B12,SS,NT,M
B12,WM,NT,M
B13,BB,0.01,M
B13,BU,0.01,M
B13,BZ,0.01,M
B13,CE,0.01,M
B13,CO,NT,M
B13,CR,0.01,M
B13,GB,0.01,M
B13,GR,0.01,M
B13,HZ,0.01,M
B13,IG,0.01,M
B13,IH,0.01,M
B13,IP,0.01,M
B13,IS,0.01,M
B13,MU,0.01,M
B13,PB,0.01,M
B13,PC,0.01,M
B13,PE,0.01,M
B13,PO,0.01,M
B13,PU,0.01,M
B13,SS,0.01,M
B13,SY,NT,M
B13,TO,2,M
B13,WM,0.01,M
B14,GR,0.01,M
B14,PE,NT,M
B15,CO,0.02,M
B15,SY,0.05,M
B16,BB,8.0,M
B16,BU,0.05,M
B16,BZ,8.0,M
B16,CE,NT,M
B16,CR,NT,M
B16,GB,NT,M
B16,GR,5.0,M
B16,HZ,10,M
B16,IG,NT,M
B16,IH,10,M
B16,IP,15,M
B16,IS,0.05,M
B16,MU,NT,M
B16,PB,NT,M
B16,PC,10,M
B16,PE,15,M
B16,PO,0.05,M
B16,PU,10,M
B16,SS,NT,M
B16,TO,0.50,M
B16,WM,NT,M
B20,GB,NT,M
B20,IG,NT,M
B20,IH,NT,M
B20,PB,NT,M
B20,SS,NT,M
B21,BB,0.10,M
B21,BU,0.05,M
B21,BZ,0.10,M
B21,CE,0.10,M
B21,CO,0.10,M
B21,CR,0.10,M
B21,GB,0.10,M
B21,GR,0.10,M
B21,HZ,0.10,M
B21,IG,0.10,M
B21,IH,0.10,M
B21,IP,0.10,M
B21,IS,0.10,M
B21,MU,NT,M
B21,PB,0.10,M
B21,PC,0.10,M
B21,PE,0.10,M
B21,PO,0.10,M
B21,PU,0.10,M
B21,SS,0.10,M
B21,SY,0.10,M
B21,TO,0.10,M
B21,WM,0.10,M
B22,BB,5.0,M
B22,BU,NT,M
B22,BZ,5.0,M
B22,CE,30,M
B22,CR,0.75,M
B22,GB,0.6,M
B22,GR,3.0,M
B22,HZ,2.0,M
B22,IG,0.6,M
B22,IH,2.0,M
B22,IP,1.7,M
B22,IS,0.01,M
B22,MU,NT,M
B22,PB,NT,M
B22,PC,2.0,M
B22,PE,1.7,M
B22,PO,0.01,M
B22,PU,2.0,M
B22,SS,0.70,M
B22,TO,1.5,M
B22,WM,0.70,M
B23,BB,3.0,M
B23,BU,0.01,M
B23,BZ,3.0,M
B23,CE,15,M
B23,CO,0.02,M
B23,CR,7,M
B23,GB,0.4,M
B23,GR,2.0,M
B23,HZ,5.0,M
B23,IG,0.4,M
B23,IH,5.0,M
B23,IP,5.0,M
B23,IS,6,M
B23,MU,NT,M
B23,PB,0.01,M
B23,PC,5.0,M
B23,PE,5.0,M
B23,PO,6,M
B23,PU,5.0,M
B23,SS,0.45,M
B23,SY,0.01,M
B23,TO,5.0,M
B23,WM,0.45,M
B24,BB,1.0,M
B24,BU,0.10,M
B24,BZ,1.0,M
B24,CE,3.0,M
B24,CO,1.1,M
B24,CR,0.15,M
B24,GB,0.20,M
B24,GR,2.5,M
B24,HZ,1.0,M
B24,IG,0.20,M
B24,IH,1.0,M
B24,IP,0.20,M
B24,IS,0.15,M
B24,MU,0.10,M
B24,PB,0.20,M
B24,PC,1.0,M
B24,PE,0.20,M
B24,PO,0.15,M
B24,PU,1.0,M
B24,SS,0.10,M
B24,SY,0.20,M
B24,TO,0.80,M
B24,WM,0.10,M
B26,BB,NT,M
B26,BU,NT,M
B26,BZ,NT,M
B26,CE,NT,M
B26,CO,0.06,M
B26,CR,NT,M
B26,GB,NT,M
B26,GR,NT,M
B26,HZ,NT,M
B26,IG,NT,M
B26,IH,NT,M
B26,IP,NT,M
B26,IS,NT,M
B26,MU,NT,M
B26,PB,NT,M
B26,PC,NT,M
B26,PE,NT,M
B26,PO,NT,M
B26,PU,NT,M
B26,SS,NT,M
B26,SY,NT,M
B26,TO,NT,M
B26,WM,NT,M
B28,CR,10.0,M
B28,GB,0.02,M
B28,IG,0.02,M
B28,IH,NT,M
B28,PB,NT,M
B28,SS,0.02,M
B28,SY,0.02,M
B30,CE,NT,M
B30,CO,0.05,M
B30,CR,NT,M
B30,GB,NT,M
B30,HZ,NT,M
B30,IG,NT,M
B30,IH,NT,M
B30,PB,NT,M
B30,PC,NT,M
B30,PO,NT,M
B30,SS,NT,M
B30,SY,0.1,M
B30,TO,NT,M
B30,WM,NT,M
B32,CE,NT,M
B32,CR,NT,M
B32,GB,NT,M
B32,GR,0.03,M
B32,HZ,NT,M
B32,IG,NT,M
B32,IH,NT,M
B32,PB,NT,M
B32,PC,NT,M
B32,PE,0.01,M
B32,PO,NT,M
B32,SS,NT,M
B32,TO,NT,M
B32,WM,NT,M
B38,GB,NT,M
B38,IG,NT,M
B38,IH,NT,M
B38,PB,NT,M
B38,SS,NT,M
B39,GB,NT,M
B39,IG,NT,M
B39,IH,NT,M
B39,PB,NT,M
B39,SS,NT,M
B41,BB,5,M
B41,BZ,5,M
B41,CE,NT,M
B41,CR,NT,M
B41,GB,NT,M
B41,GR,4,M
B41,HZ,10,M
B41,IG,NT,M
B41,IH,10,M
B41,IS,NT,M
B41,PB,NT,M
B41,PC,10,M
B41,PE,10,M
B41,PO,NT,M
B41,PU,1.5,M
B41,SS,NT,M
B41,TO,2,M
B41,WM,NT,M
B42,BB,NT,M
B42,BU,NT,M
B42,BZ,NT,M
B42,CR,NT,M
B42,GB,NT,M
B42,GR,1.0,M
B42,IG,NT,M
B42,IH,NT,M
B42,IP,0.5,M
B42,IS,NT,M
B42,MU,NT,M
B42,PB,NT,M
B42,PE,0.5,M
B42,PO,NT,M
B42,PU,NT,M
B42,SS,0.40,M
B42,TO,NT,M
B42,WM,0.40,M
B43,BB,0.30,M
B43,BU,0.02,M
B43,BZ,0.30,M
B43,CE,4.0,M
B43,CO,0.02,M
B43,CR,0.05,M
B43,GB,0.02,M
B43,GR,0.20,M
B43,HZ,0.5,M
B43,IG,0.02,M
B43,IH,0.5,M
B43,IP,0.2,M
B43,IS,0.02,M
B43,MU,0.02,M
B43,PB,0.05,M
B43,PC,0.5,M
B43,PE,0.2,M
B43,PO,0.25,M
B43,PU,0.5,M
B43,SS,0.2,M
B43,SY,0.02,M
B43,TO,0.25,M
B43,WM,0.2,M
B44,CE,NT,M
B44,CR,NT,M
B44,GB,NT,M
B44,GR,5.0,M
B44,HZ,NT,M
B44,IG,NT,M
B44,IH,NT,M
B44,PB,NT,M
B44,PC,NT,M
B44,PE,NT,M
B44,PO,0.06,M
B44,SS,1.0,M
B44,TO,2.0,M
B44,WM,1.0,M
B45,GB,NT,M
B45,GR,3.0,M
B45,IG,NT,M
B45,IH,NT,M
B45,PB,NT,M
B45,PE,NT,M
B45,SS,NT,M
B48,BB,10.0,M
B48,BU,0.006,M
B48,BZ,10.0,M
B48,CE,30.0,M
B48,CO,0.05,M
B48,CR,1.0,M
B48,GB,3.0,M
B48,GR,2.0,M
B48,HZ,2.0,M
B48,IG,3.0,M
B48,IH,2.0,M
B48,IP,NT,M
B48,IS,8.0,M
B48,MU,NT,M
B48,PB,0.2,M
B48,PC,2.0,M
B48,PE,NT,M
B48,PO,8.0,M
B48,PU,2.0,M
B48,SS,0.3,M
B48,SY,0.5,M
B48,TO,0.2,M
B48,WM,0.3,M
B51,BB,0.15,M
B51,BU,NT,M
B51,BZ,0.15,M
B51,CE,0.25,M
B51,CR,NT,M
B51,GR,NT,M
B51,HZ,NT,M
B51,IH,NT,M
B51,IP,0.05,M
B51,IS,NT,M
B51,MU,NT,M
B51,PC,NT,M
B51,PE,0.05,M
B51,PO,NT,M
B51,PU,NT,M
B51,SS,2.0,M
B51,TO,1.0,M
B51,WM,2.0,M
B52,BB,2.5,M
B52,BU,0.01,M
B52,BZ,2.5,M
B52,CE,35,M
B52,CR,NT,M
B52,GB,0.02,M
B52,GR,2.5,M
B52,HZ,9.0,M
B52,IG,0.02,M
B52,IH,9.0,M
B52,IP,6.0,M
B52,IS,NT,M
B52,MU,NT,M
B52,PB,NT,M
B52,PC,9.0,M
B52,PE,6.0,M
B52,PO,NT,M
B52,PU,2,M
B52,SS,0.50,M
B52,TO,2.0,M
B52,WM,0.50,M
B53,GB,NT,M
B53,IG,NT,M
B53,IH,NT,M
B53,PB,NT,M
B53,SS,NT,M
B54,CR,0.70,M
B54,PO,0.02,M
B54,SY,0.01,M
B54,TO,1.5,M
B56,BB,2.5,M
B56,BZ,2.5,M
B56,CE,NT,M
B56,CR,NT,M
B56,GB,NT,M
B56,GR,2.0,M
B56,HZ,3.0,M
B56,IG,NT,M
B56,IH,3.0,M
B56,IS,NT,M
B56,PB,NT,M
B56,PC,3.0,M
B56,PE,0.75,M
B56,PO,NT,M
B56,PU,3.0,M
B56,SS,NT,M
B56,TO,0.15,M
B56,WM,NT,M
B57,BB,1.0,M
B57,BU,NT,M
B57,BZ,1.0,M
B57,CE,NT,M
B57,CR,NT,M
B57,GB,NT,M
B57,GR,2.0,M
B57,HZ,0.70,M
B57,IG,NT,M
B57,IH,0.70,M
B57,IP,NT,M
B57,IS,NT,M
B57,MU,NT,M
B57,PB,NT,M
B57,PC,0.70,M
B57,PE,NT,M
B57,PO,NT,M
B57,PU,0.70,M
B57,SS,NT,M
B57,TO,1.7,M
B57,WM,0.08,M
B58,BB,4.0,M
B58,BU,0.02,M
B58,BZ,4.0,M
B58,CE,NT,M
B58,CR,0.6,M
B58,GB,NT,M
B58,GR,3.0,M
B58,HZ,2.5,M
B58,IG,NT,M
B58,IH,2.5,M
B58,IP,5.0,M
B58,IS,4.0,M
B58,MU,NT,M
B58,PB,NT,M
B58,PC,2.5,M
B58,PE,5.0,M
B58,PO,4.0,M
B58,PU,2.5,M
B58,SS,0.70,M
B58,SY,0.15,M
B58,TO,0.60,M
B58,WM,0.70,M
B61,BB,4.0,M
B61,BU,0.1,M
B61,BZ,4.0,M
B61,CE,29,M
B61,CO,0.1,M
B61,CR,0.4,M
B61,GB,0.5,M
B61,GR,2.0,M
B61,HZ,2.5,M
B61,IG,0.5,M
B61,IH,2.5,M
B61,IP,1.5,M
B61,IS,0.04,M
B61,MU,NT,M
B61,PB,0.05,M
B61,PC,2.5,M
B61,PE,1.5,M
B61,PO,0.04,M
B61,PU,2.5,M
B61,SS,0.5,M
B61,SY,0.04,M
B61,TO,1.4,M
B61,WM,0.5,M
B62,GB,NT,M
B62,IG,NT,M
B62,IH,NT,M
B62,PB,NT,M
B62,SS,NT,M
B63,BB,NT,M
B63,BZ,NT,M
B63,CR,NT,M
B63,GB,NT,M
B63,IG,NT,M
B63,IH,NT,M
B63,IS,NT,M
B63,PB,0.5,M
B63,PO,0.20,M
B63,PU,NT,M
B63,SS,NT,M
B63,SY,0.20,M
B63,TO,NT,M
B64,BB,NT,M
B64,BU,0.02,M
B64,BZ,NT,M
B64,CE,60,M
B64,CO,0.1,M
B64,CR,0.15,M
B64,GB,0.80,M
B64,GR,1.0,M
B64,HZ,NT,M
B64,IG,0.80,M
B64,IH,NT,M
B64,IP,NT,M
B64,IS,0.02,M
B64,MU,NT,M
B64,PB,NT,M
B64,PC,NT,M
B64,PE,NT,M
B64,PO,0.02,M
B64,PU,NT,M
B64,SS,0.15,M
B64,TO,1.0,M
B64,WM,0.15,M
B68,BB,NT,M
B68,BU,0.030,M
B68,BZ,NT,M
B68,CE,NT,M
B68,CR,NT,M
B68,GB,NT,M
B68,GR,NT,M
B68,HZ,0.5,M
B68,IG,NT,M
B68,IH,0.5,M
B68,IP,0.30,M
B68,IS,NT,M
B68,MU,NT,M
B68,PB,NT,M
B68,PC,0.5,M
B68,PE,0.30,M
B68,PO,NT,M
B68,PU,0.05,M
B68,SS,NT,M
B68,SY,NT,M
B68,TO,NT,M
B68,WM,NT,M
B70,GB,NT,M
B70,IG,NT,M
B70,IH,NT,M
B70,PB,NT,M
B70,SS,NT,M
B72,BB,0.25,M
B72,BU,0.75,M
B72,BZ,0.25,M
B72,CO,0.01,M
B72,CR,NT,M
B72,GB,NT,M
B72,GR,0.20,M
B72,IG,NT,M
B72,IH,NT,M
B72,IP,NT,M
B72,IS,NT,M
B72,MU,NT,M
B72,PB,0.03,M
B72,PE,NT,M
B72,PO,NT,M
B72,PU,NT,M
B72,SS,0.15,M
B72,SY,0.15,M
B72,TO,0.30,M
B72,WM,0.15,M
B73,BB,2,M
B73,BZ,2,M
B73,CR,NT,M
B73,GB,0.4,M
B73,GR,0.7,M
B73,IG,0.4,M
B73,IH,2,M
B73,IP,0.6,M
B73,IS,NT,M
B73,MU,NT,M
B73,PB,NT,M
B73,PE,0.6,M
B73,PO,NT,M
B73,PU,2,M
B73,SS,0.3,M
B73,SY,NT,M
B73,TO,0.3,M
B73,WM,0.3,M
B75,BB,13.0,M
B75,BU,0.10,M
B75,BZ,13.0,M
B75,CE,45,M
B75,CO,0.20,M
B75,CR,2.0,M
B75,GB,5.0,M
B75,GR,5.0,M
B75,HZ,3.5,M
B75,IG,5.0,M
B75,IH,3.5,M
B75,IP,3.0,M
B75,IS,0.05,M
B75,MU,NT,M
B75,PB,0.05,M
B75,PC,3.5,M
B75,PE,3.0,M
B75,PO,0.05,M
B75,PU,3.5,M
B75,SS,3.0,M
B75,TO,3.0,M
B75,WM,3.0,M
B77,BB,NT,M
B77,BU,NT,M
B77,BZ,NT,M
B77,CE,30.0,M
B77,CR,NT,M
B77,GB,NT,M
B77,GR,3.0,M
B77,HZ,NT,M
B77,IG,NT,M
B77,IH,NT,M
B77,IP,NT,M
B77,IS,NT,M
B77,MU,NT,M
B77,PB,NT,M
B77,PC,NT,M
B77,PE,NT,M
B77,PO,0.05,M
B77,PU,NT,M
B77,SS,0.5,M
B77,TO,1.5,M
B77,WM,0.5,M
B78,BB,NT,M
B78,BZ,NT,M
B78,CE,NT,M
B78,GB,NT,M
B78,HZ,NT,M
B78,IG,NT,M
B78,IH,NT,M
B78,IS,NT,M
B78,PB,NT,M
B78,PC,NT,M
B78,PU,NT,M
B78,SS,NT,M
B79,BB,1.5,M
B79,BU,0.02,M
B79,BZ,1.5,M
B79,CE,9.0,M
B79,CO,0.05,M
B79,CR,0.1,M
B79,GB,1.5,M
B79,GR,2.0,M
B79,HZ,2,M
B79,IG,1.5,M
B79,IH,2,M
B79,IP,0.5,M
B79,IS,0.04,M
B79,MU,NT,M
B79,PB,0.05,M
B79,PC,2,M
B79,PE,0.5,M
B79,PO,0.04,M
B79,PU,2,M
B79,SS,0.50,M
B79,SY,0.08,M
B79,TO,0.5,M
B79,WM,0.50,M
B80,BB,1.6,M
B80,BU,0.30,M
B80,BZ,1.6,M
B80,CE,3,M
B80,CO,NT,M
B80,CR,0.01,M
B80,GB,0.60,M
B80,GR,0.35,M
B80,HZ,1.5,M
B80,IG,0.60,M
B80,IH,1.5,M
B80,IP,1.0,M
B80,IS,0.01,M
B80,MU,0.01,M
B80,PB,0.01,M
B80,PC,1.5,M
B80,PE,1.0,M
B80,PO,0.01,M
B80,PU,1.5,M
B80,SS,0.50,M
B80,SY,0.03,M
B80,TO,0.20,M
B80,WM,0.50,M
B82,CE,NT,M
B82,CR,NT,M
B82,GB,6.0,M
B82,GR,0.75,M
B82,HZ,2.5,M
B82,IG,6.0,M
B82,IH,2.5,M
B82,PB,NT,M
B82,PC,2.5,M
B82,PE,0.7,M
B82,PO,0.10,M
B82,SS,0.75,M
B82,SY,NT,M
B82,TO,4.0,M
B84,BU,0.01,M
B84,CE,NT,M
B84,CO,0.01,M
B84,CR,NT,M
B84,GB,NT,M
B84,GR,0.50,M
B84,HZ,1.0,M
B84,IG,NT,M
B84,IH,1.0,M
B84,IP,0.20,M
B84,MU,NT,M
B84,PB,NT,M
B84,PC,1.0,M
B84,PE,0.20,M
B84,PO,NT,M
B84,SS,0.02,M
B84,TO,0.20,M
B85,BB,NT,M
B85,BZ,NT,M
B85,CE,NT,M
B85,CR,NT,M
B85,GB,NT,M
B85,GR,2.0,M
B85,HZ,1.0,M
B85,IG,NT,M
B85,IH,1.0,M
B85,IP,0.80,M
B85,IS,NT,M
B85,MU,NT,M
B85,PB,NT,M
B85,PC,1.0,M
B85,PE,0.80,M
B85,PO,NT,M
B85,PU,1.0,M
B85,SS,NT,M
B85,TO,NT,M
B85,WM,NT,M
C44,GB,NT,M
C44,IG,NT,M
C44,IH,NT,M
C44,PB,NT,M
C44,SS,NT,M
C51,GB,NT,M
C51,IG,NT,M
C51,IH,NT,M
C51,PB,NT,M
C51,SS,NT,M
C65,GB,NT,M
C65,IG,NT,M
C65,IH,NT,M
C65,PB,NT,M
C65,SS,NT,M
C90,CR,NT,M
C90,GB,NT,M
C90,GR,6.0,M
C90,IG,NT,M
C90,IH,NT,M
C90,PB,NT,M
C90,PE,NT,M
C90,PO,0.01,M
C90,SS,0.30,M
C90,TO,NT,M
C90,WM,0.30,M
D06,GB,NT,M
D06,IG,NT,M
D06,IH,NT,M
D06,PB,NT,M
D06,SS,NT,M
D11,GB,NT,M
D11,IG,NT,M
D11,IH,NT,M
D11,PB,NT,M
D11,SS,NT,M
D15,GB,NT,M
D15,IG,NT,M
D15,IH,NT,M
D15,PB,NT,M
D15,SS,NT,M
D20,IH,NT,M
D20,PB,NT,M
D20,SS,NT,M
D21,CE,NT,M
D21,GB,NT,M
D21,HZ,NT,M
D21,IG,NT,M
D21,IH,NT,M
D21,PB,NT,M
D21,PC,NT,M
D21,SS,NT,M
D23,GB,NT,M
D23,IG,NT,M
D23,IH,NT,M
D23,PB,NT,M
D23,SS,NT,M
D58,GB,NT,M
D58,IG,NT,M
D58,IH,NT,M
D58,PB,NT,M
D58,SS,NT,M
D62,GB,NT,M
D62,IG,NT,M
D62,IH,NT,M
D62,PB,NT,M
D62,SS,NT,M
D64,GB,NT,M
D64,IG,NT,M
D64,IH,NT,M
D64,PB,NT,M
D64,SS,NT,M
D65,GB,NT,M
D65,IG,NT,M
D65,IH,NT,M
D65,PB,NT,M
D65,SS,NT,M
D66,GB,NT,M
D66,IG,NT,M
D66,IH,NT,M
D66,PB,NT,M
D66,SS,NT,M
D69,GB,NT,M
D69,IG,NT,M
D69,IH,NT,M
D69,PB,NT,M
D69,SS,NT,M
D76,IG,NT,M
D76,IH,NT,M
D76,SY,0.04,M
D76,TO,NT,M
D79,GB,NT,M
D79,IG,NT,M
D79,IH,NT,M
D79,PB,NT,M
D79,SS,NT,M
D84,GB,NT,M
D84,IG,NT,M
D84,IH,NT,M
D84,PB,NT,M
D84,SS,NT,M
E13,GB,NT,M
E13,IG,NT,M
E13,IH,NT,M
E13,PB,NT,M
E13,SS,NT,M
E16,GB,NT,M
E16,IG,NT,M
E16,IH,NT,M
E16,PB,NT,M
E16,SS,NT,M
E22,GB,NT,M
E22,IG,NT,M
E22,IH,NT,M
E22,PB,NT,M
E22,SS,NT,M
E24,CR,NT,M
E24,GB,NT,M
E24,IG,NT,M
E24,IH,NT,M
E24,PB,NT,M
E24,PO,NT,M
E24,SS,NT,M
E24,TO,NT,M
E40,CR,2,M
E40,PO,1.0,M
E40,TO,NT,M
E66,CR,NT,M
E66,PO,NT,M
E66,TO,NT,M
E74,GB,NT,M
E74,IG,NT,M
E74,IH,NT,M
E74,PB,NT,M
E74,SS,NT,M
E89,GB,NT,M
E89,IG,NT,M
E89,IH,NT,M
E89,PB,NT,M
E89,SS,NT,M
F00,GB,NT,M
F00,IG,NT,M
F00,IH,NT,M
F00,PB,0.02,M
F00,SS,0.30,M
F01,GB,NT,M
F01,IG,NT,M
F01,IH,NT,M
F01,PB,NT,M
F01,SS,NT,M
F08,GB,NT,M
F08,GR,0.30,M
F08,IG,NT,M
F08,IH,0.04,M
F08,IP,0.07,M
F08,MU,NT,M
F08,PB,NT,M
F08,PE,0.07,M
F08,PO,0.02,M
F08,SS,0.07,M
F08,TO,0.30,M
F08,WM,0.07,M
F12,GB,NT,M
F12,GR,1.5,M
F12,IG,NT,M
F12,IH,NT,M
F12,PB,NT,M
F12,PE,NT,M
F12,PO,NT,M
F12,SS,0.30,M
F12,TO,0.3,M
F12,WM,0.30,M
F21,GB,NT,M
F21,IG,NT,M
F21,IH,NT,M
F21,PB,NT,M
F21,SS,NT,M
F24,GB,NT,M
F24,IG,NT,M
F24,IH,NT,M
F24,PB,NT,M
F24,SS,NT,M
F40,CR,EX,M
F40,GR,0.80,M
F40,IG,EX,M
F40,IH,1.0,M
F40,PE,0.30,M
F40,PO,0.01,M
F40,SS,0.15,M
F40,TO,0.7,M
F40,WM,0.15,M
F41,GR,5.0,M
F41,IG,NT,M
F41,IH,NT,M
F41,PE,NT,M
F46,IG,NT,M
F46,IH,NT,M
F49,GB,NT,M
F49,GR,5,M
F49,IG,NT,M
F49,IH,NT,M
F49,PB,NT,M
F49,PE,NT,M
F49,PO,0.04,M
F49,SS,0.3,M
F49,TO,1,M
F49,WM,0.3,M
F53,BU,0.02,M
F53,CR,NT,M
F53,GB,NT,M
F53,GR,1.0,M
F53,IG,NT,M
F53,IH,NT,M
F53,IP,0.20,M
F53,MU,NT,M
F53,PB,0.01,M
F53,PE,0.20,M
F53,PO,0.02,M
F53,SS,0.30,M
F53,TO,1.5,M
F53,WM,0.30,M
F56,CR,0.10,M
F56,GB,0.10,M
F56,GR,0.70,M
F56,IG,0.10,M
F56,IH,0.10,M
F56,PB,0.10,M
F56,PE,0.10,M
F56,PO,0.04,M
F56,SS,0.20,M
F56,SY,0.01,M
F56,TO,0.50,M
F56,WM,0.20,M
F59,SY,0.04,M
F87,BU,0.04,M
F87,GR,NT,M
F87,IG,NT,M
F87,IH,0.03,M
F87,IP,0.02,M
F87,MU,NT,M
F87,PE,0.02,M
F87,SS,0.70,M
F87,SY,0.01,M
F87,TO,0.2,M
F87,WM,0.70,M
F89,GB,NT,M
F89,IG,NT,M
F89,IH,NT,M
F89,PB,NT,M
F89,SS,NT,M
F94,GB,EX,M
F94,IG,EX,M
F94,IH,EX,M
F94,PB,EX,M
F94,SS,EX,M
F96,GR,0.7,M
F96,IH,EX,M
F96,PE,EX,M
F96,SS,0.2,M
F96,WM,0.07,M
G00,GB,NT,M
G00,IG,NT,M
G00,IH,NT,M
G00,PB,NT,M
G00,SS,NT,M
G03,BU,0.03,M
G03,CR,0.5,M
G03,GB,1,M
G03,GR,1.5,M
G03,IG,1,M
G03,IH,1,M
G03,IP,0.2,M
G03,MU,NT,M
G03,PB,0.02,M
G03,PE,0.2,M
G03,PO,0.015,M
G03,SS,0.50,M
G03,SY,0.40,M
G03,TO,0.60,M
G03,WM,0.50,M
G21,BU,4,M
G21,GR,1.5,M
G21,IG,0.15,M
G21,IH,1.5,M
G21,IP,1.5,M
G21,MU,NT,M
G21,PE,1.5,M
G21,PO,0.04,M
G21,SY,0.4,M
G21,TO,0.9,M
G21,WM,0.5,M
G27,BU,0.05,M
G27,IG,NT,M
G27,IH,1,M
G27,IP,0.5,M
G27,MU,NT,M
G27,TO,0.4,M
G36,IG,0.01,M
G36,IH,NT,M
G36,SY,0.01,M
G38,GB,NT,M
G38,GR,0.01,M
G38,IH,NT,M
G38,PB,NT,M
G38,PE,NT,M
G38,SS,NT,M
G38,WM,NT,M
